,player_id,targets,deep_targets,red_zone_targets,air_yards,air_yards_per_target,yac,yac_oe,carries,yards_per_carry,red_zone_carries,big_carries,cpoe,big_carry_percentage,player_name,team,targets_team,carries_team,red_zone_targets_team,red_zone_carries_team,target_percentage,carry_percentage,red_zone_target_percentage,red_zone_carry_percentage
0,00-0023459,1.0,,,-4.0,-4.0,0.0,-8.69226166169392,10.0,5.6,3.0,2.0,5.579468760578359,0.2,Aa.Rodgers,GB,251,195,24,20,0.00398406374501992,0.05128205128205128,,0.15
1,00-0036669,2.0,,,3.0,1.5,7.0,-1.8923300845199265,10.0,2.4,,,,,K.Hill,GB,251,195,24,20,0.00796812749003984,0.05128205128205128,,
2,00-0035480,3.0,,,30.0,10.0,8.0,-1.1589365961262956,,,,,,,M.Taylor,GB,251,195,24,20,0.01195219123505976,,,
3,00-0036332,4.0,,,-3.0,-0.75,31.0,2.3736077335342998,,,,,,,J.Deguara,GB,251,195,24,20,0.01593625498007968,,,
4,00-0036991,5.0,,1.0,19.0,3.8,24.0,8.557596487997216,1.0,11.0,,1.0,,1.0,Am.Rodgers,GB,251,195,24,20,0.0199203187250996,0.005128205128205128,0.041666666666666664,
5,00-0035593,6.0,,1.0,24.0,4.0,14.0,-3.232795807009097,,,,,,,J.Winfree,GB,251,195,24,20,0.02390438247011952,,0.041666666666666664,
6,00-0034279,6.0,,1.0,38.0,6.333333333333333,8.0,-7.218303944144282,1.0,13.0,,1.0,,1.0,E.St. Brown,GB,251,195,24,20,0.02390438247011952,0.005128205128205128,0.041666666666666664,
7,00-0024243,11.0,,1.0,67.0,6.090909090909091,73.0,28.09743132427684,,,,,,,M.Lewis,GB,251,195,24,20,0.043824701195219126,,0.041666666666666664,
8,00-0036265,12.0,,,15.0,1.25,78.0,16.09244795559789,68.0,4.544117647058823,4.0,4.0,,0.058823529411764705,A.Dillon,GB,251,195,24,20,0.04780876494023904,0.3487179487179487,,0.2
9,00-0034272,16.0,7.0,1.0,349.0,21.8125,24.0,-11.5278188141383,,,,,,,M.Valdes-Scantling,GB,251,195,24,20,0.06374501992031872,,0.041666666666666664,
10,00-0034521,21.0,1.0,2.0,211.0,10.047619047619047,73.0,3.435136066589621,,,,,,,A.Lazard,GB,251,195,24,20,0.08366533864541832,,0.08333333333333333,
11,00-0028002,23.0,,8.0,190.0,8.26086956521739,34.0,-36.00947745814483,1.0,1.0,,,,,R.Cobb,GB,251,195,24,20,0.09163346613545817,0.005128205128205128,0.3333333333333333,
12,00-0033757,29.0,2.0,2.0,256.0,8.827586206896552,110.0,12.567516031893318,,,,,,,R.Tonyan,GB,251,195,24,20,0.11553784860557768,,0.08333333333333333,
13,00-0033293,39.0,1.0,3.0,31.0,0.7948717948717948,277.0,38.85071256416995,104.0,4.451923076923077,13.0,10.0,,0.09615384615384616,A.Jones,GB,251,195,24,20,0.1553784860557769,0.5333333333333333,0.125,0.65
14,00-0031381,73.0,7.0,4.0,852.0,11.67123287671233,251.0,-14.453668392692634,,,,,,,D.Adams,GB,251,195,24,20,0.2908366533864542,,0.16666666666666666,
15,00-0036264,,,,,,,,,,,,15.528339573315211,,J.Love,GB,251,195,24,20,,,,
16,00-0033258,1.0,,,0.0,0.0,0.0,0.0,,,,,,,D.Daniels,ARI,244,235,17,29,0.004098360655737705,,,
17,00-0035126,3.0,1.0,,51.0,17.0,1.0,-2.593066701781936,,,,,,,A.Wesley,ARI,244,235,17,29,0.012295081967213115,,,
18,00-0030155,3.0,,1.0,25.0,8.333333333333334,0.0,0.0,,,,,,,D.Harris,ARI,244,235,17,29,0.012295081967213115,,0.058823529411764705,
19,00-0033553,5.0,,,4.0,0.8,30.0,-3.7894113836591714,94.0,3.8085106382978724,13.0,6.0,,0.06382978723404255,J.Conner,ARI,244,235,17,29,0.020491803278688523,0.4,,0.4482758620689655
20,00-0031558,17.0,,,90.0,5.294117647058823,125.0,35.44997758626414,,,,,,,M.Williams,ARI,244,235,17,29,0.06967213114754098,,,
21,00-0036936,35.0,2.0,1.0,63.0,1.8,292.0,46.86808758375264,11.0,5.545454545454546,1.0,2.0,,0.18181818181818182,R.Moore,ARI,244,235,17,29,0.14344262295081966,0.04680851063829787,0.058823529411764705,0.034482758620689655
22,00-0034681,37.0,,,19.0,0.5135135135135135,224.0,-3.5584486010775453,75.0,5.693333333333333,7.0,12.0,,0.16,C.Edmonds,ARI,244,235,17,29,0.15163934426229508,0.3191489361702128,,0.2413793103448276
23,00-0034775,42.0,4.0,2.0,543.0,12.928571428571429,95.0,-45.020717193685414,1.0,11.0,,1.0,,1.0,C.Kirk,ARI,244,235,17,29,0.1721311475409836,0.00425531914893617,0.11764705882352941,
24,00-0027942,43.0,4.0,7.0,527.0,12.255813953488373,83.0,-40.61678817226493,,,,,,,A.Green,ARI,244,235,17,29,0.1762295081967213,,0.4117647058823529,
25,00-0030564,49.0,3.0,6.0,591.0,12.061224489795919,131.0,-14.074502175652015,,,,,,,D.Hopkins,ARI,244,235,17,29,0.20081967213114754,,0.35294117647058826,
26,00-0036383,,,,,,,,2.0,3.5,,,,,E.Benjamin,ARI,244,235,17,29,,0.00851063829787234,,
27,00-0035924,,,,,,,,5.0,4.2,,,,,J.Ward,ARI,244,235,17,29,,0.02127659574468085,,
28,00-0035228,,,,,,,,46.0,3.347826086956522,7.0,4.0,8.629780641344727,0.08695652173913043,K.Murray,ARI,244,235,17,29,,0.19574468085106383,,0.2413793103448276
29,00-0033246,1.0,,,7.0,7.0,2.0,-0.6975874864147045,,,,,,,J.Mundt,LA,275,201,27,16,0.0036363636363636364,,,
30,00-0036862,3.0,,,12.0,4.0,18.0,-6.2433648002916,,,,,,,B.Skowronek,LA,275,201,27,16,0.01090909090909091,,,
31,00-0034845,7.0,,,-1.0,-0.14285714285714285,38.0,-8.406461439815757,65.0,3.8615384615384616,2.0,7.0,,0.1076923076923077,S.Michel,LA,275,201,27,16,0.025454545454545455,0.32338308457711445,,0.125
32,00-0026189,15.0,7.0,,346.0,23.066666666666666,104.0,51.74251452089811,,,,,,,D.Jackson,LA,275,201,27,16,0.05454545454545454,,,
33,00-0035664,24.0,,2.0,45.0,1.875,126.0,16.03854477826099,110.0,4.609090909090909,12.0,15.0,,0.13636363636363635,D.Henderson,LA,275,201,27,16,0.08727272727272728,0.5472636815920398,0.07407407407407407,0.75
34,00-0033110,36.0,,5.0,153.0,4.25,162.0,7.640653519520129,,,,,,,T.Higbee,LA,275,201,27,16,0.13090909090909092,,0.18518518518518517,
35,00-0036415,39.0,7.0,2.0,526.0,13.487179487179487,113.0,-8.186778600102121,,,,,,,V.Jefferson,LA,275,201,27,16,0.14181818181818182,,0.07407407407407407,
36,00-0030431,60.0,,8.0,505.0,8.559322033898304,159.0,-2.305552150297446,7.0,5.714285714285714,,1.0,,0.14285714285714285,R.Woods,LA,275,201,27,16,0.21818181818181817,0.03482587064676617,0.2962962962962963,
37,00-0033908,90.0,4.0,10.0,848.0,9.422222222222222,366.0,71.09217046284175,1.0,-5.0,,,,,C.Kupp,LA,275,201,27,16,0.32727272727272727,0.004975124378109453,0.37037037037037035,
38,00-0034899,,,,,,,,1.0,0.0,,,-53.385670483112335,,J.Wolford,LA,275,201,27,16,,0.004975124378109453,,
39,00-0036860,,,,,,,,1.0,6.0,,,,,J.Funk,LA,275,201,27,16,,0.004975124378109453,,
40,00-0028872,,,,,,,,1.0,0.0,,,,,J.Hekker,LA,275,201,27,16,,0.004975124378109453,,
41,00-0034449,,,,,,,,5.0,2.2,,,,,B.Howell,LA,275,201,27,16,,0.024875621890547265,,
42,00-0026498,,,,,,,,10.0,3.6,2.0,,2.4208320842848883,,M.Stafford,LA,275,201,27,16,,0.04975124378109453,,0.125
43,00-0035703,1.0,,,6.0,6.0,0.0,-3.605423053035338,,,,,,,M.Boykin,BAL,231,211,11,19,0.004329004329004329,,,
44,00-0030496,3.0,,,0.0,0.0,0.0,-7.746589414986374,17.0,2.0,2.0,,,,L.Bell,BAL,231,211,11,19,0.012987012987012988,0.08056872037914692,,0.10526315789473684
45,00-0033376,4.0,,,14.0,3.5,6.0,-7.35556226906192,1.0,2.0,,,,,P.Ricard,BAL,231,211,11,19,0.017316017316017316,0.004739336492890996,,
46,00-0030513,5.0,,,-3.0,-0.6,29.0,-2.6411323852444184,59.0,3.593220338983051,5.0,2.0,,0.03389830508474576,L.Murray,BAL,231,211,11,19,0.021645021645021644,0.2796208530805687,,0.2631578947368421
47,00-0031285,9.0,,,26.0,2.888888888888889,50.0,12.367493186415233,20.0,5.45,3.0,3.0,,0.15,D.Freeman,BAL,231,211,11,19,0.03896103896103896,0.0947867298578199,,0.15789473684210525
48,00-0036457,11.0,,,33.0,3.0,71.0,3.37135792710615,33.0,5.454545454545454,2.0,6.0,,0.18181818181818182,T.Williams,BAL,231,211,11,19,0.047619047619047616,0.15639810426540285,,0.10526315789473684
49,00-0036133,11.0,,,114.0,10.363636363636363,42.0,2.9009243003674783,,,,,,,J.Proche,BAL,231,211,11,19,0.047619047619047616,,,
50,00-0035249,12.0,1.0,,126.0,10.5,24.0,-9.932972033660917,,,,,,,J.Oliver,BAL,231,211,11,19,0.05194805194805195,,,
51,00-0036550,12.0,,,109.0,9.083333333333334,44.0,10.288991741304926,,,,,,,R.Bateman,BAL,231,211,11,19,0.05194805194805195,,,
52,00-0036331,19.0,2.0,1.0,183.0,9.631578947368421,56.0,-11.09578698127007,2.0,4.5,,1.0,,0.5,D.Duvernay,BAL,231,211,11,19,0.08225108225108226,0.009478672985781991,0.09090909090909091,
53,00-0031325,32.0,4.0,,421.0,13.15625,85.0,5.589357982018555,,,,,,,S.Watkins,BAL,231,211,11,19,0.13852813852813853,,,
54,00-0034753,54.0,2.0,6.0,522.0,10.235294117647058,146.0,-2.2053225768759157,,,,,,,M.Andrews,BAL,231,211,11,19,0.23376623376623376,,0.5454545454545454,
55,00-0035662,58.0,11.0,4.0,908.0,15.929824561403509,173.0,2.456829219729115,1.0,5.0,,,,,M.Brown,BAL,231,211,11,19,0.2510822510822511,0.004739336492890996,0.36363636363636365,
56,00-0035993,,,,,,,,1.0,12.0,,1.0,-20.27656381780451,1.0,T.Huntley,BAL,231,211,11,19,,0.004739336492890996,,
57,00-0034164,,,,,,,,3.0,1.3333333333333333,,,,,T.Cannon,BAL,231,211,11,19,,0.014218009478672985,,
58,00-0034796,,,,,,,,75.0,6.513513513513513,7.0,15.0,3.1606145755008415,0.2,L.Jackson,BAL,231,211,11,19,,0.35545023696682465,,0.3684210526315789
59,00-0033215,1.0,1.0,,35.0,35.0,15.0,6.980938909284305,,,,,,,C.Grayson,TB,341,168,31,24,0.002932551319648094,,,
60,00-0034735,1.0,,,11.0,11.0,0.0,0.0,,,,,,,C.McElroy,TB,341,168,31,24,0.002932551319648094,,,
61,00-0034319,1.0,,,-2.0,-2.0,2.0,-6.668602621590253,,,,,,,D.Yelder,TB,341,168,31,24,0.002932551319648094,,,
62,00-0035298,3.0,,,18.0,6.0,8.0,-5.378608700222685,,,,,,,S.Miller,TB,341,168,31,24,0.008797653958944282,,,
63,00-0036877,5.0,,,9.0,1.8,15.0,-17.475828734968673,1.0,11.0,,1.0,,1.0,J.Darden,TB,341,168,31,24,0.01466275659824047,0.005952380952380952,,
64,00-0034816,6.0,,,-6.0,-1.0,43.0,11.135486386883713,44.0,4.409090909090909,5.0,4.0,,0.09090909090909091,R.Jones,TB,341,168,31,24,0.017595307917888565,0.2619047619047619,,0.20833333333333334
65,00-0033879,19.0,,2.0,119.0,6.2631578947368425,77.0,4.112080027611226,,,,,,,O.Howard,TB,341,168,31,24,0.05571847507331378,,0.06451612903225806,
66,00-0027656,22.0,,4.0,205.0,9.318181818181818,76.0,13.204565225038097,,,,,,,R.Gronkowski,TB,341,168,31,24,0.06451612903225806,,0.12903225806451613,
67,00-0036427,22.0,1.0,2.0,210.0,9.545454545454545,67.0,-2.072510765894549,,,,,,,T.Johnson,TB,341,168,31,24,0.06451612903225806,,0.06451612903225806,
68,00-0030456,23.0,,4.0,12.0,0.5217391304347826,129.0,-22.83158523102611,6.0,8.5,,2.0,,0.3333333333333333,G.Bernard,TB,341,168,31,24,0.06744868035190615,0.03571428571428571,0.12903225806451613,
69,00-0031273,25.0,,3.0,212.0,8.48,53.0,-1.915250703386846,,,,,,,C.Brate,TB,341,168,31,24,0.07331378299120235,,0.0967741935483871,
70,00-0033856,39.0,,2.0,47.0,1.205128205128205,233.0,32.80334702326218,101.0,4.346534653465347,14.0,10.0,-64.32642936706543,0.09900990099009901,L.Fournette,TB,341,168,31,24,0.11436950146627566,0.6011904761904762,0.06451612903225806,0.5833333333333334
71,00-0027793,42.0,6.0,1.0,557.0,13.261904761904763,162.0,8.31862504810124,1.0,6.0,,,,,A.Brown,TB,341,168,31,24,0.12316715542521994,0.005952380952380952,0.03225806451612903,
72,00-0031408,63.0,9.0,7.0,925.0,14.682539682539682,100.0,-43.37239124534244,,,,,,,M.Evans,TB,341,168,31,24,0.18475073313782991,,0.22580645161290322,
73,00-0033921,69.0,3.0,6.0,581.0,8.420289855072463,361.0,101.60915123680752,2.0,2.0,2.0,,,,C.Godwin,TB,341,168,31,24,0.20234604105571846,0.011904761904761904,0.1935483870967742,0.08333333333333333
74,00-0036450,,,,,,,,5.0,5.4,,1.0,,0.2,K.Vaughn,TB,341,168,31,24,,0.02976190476190476,,
75,00-0019596,,,,,,,,8.0,5.5,3.0,1.0,2.519216642765228,0.125,T.Brady,TB,341,168,31,24,,0.047619047619047616,,0.125
76,00-0027948,,,,,,,,,,,,13.018868863582611,,B.Gabbert,TB,341,168,31,24,,,,
77,00-0035710,1.0,,,13.0,13.0,3.0,-0.1314367001177743,41.0,6.358974358974359,5.0,7.0,-1.4156307742902727,0.17073170731707318,D.Jones,NYG,291,184,22,21,0.003436426116838488,0.22282608695652173,,0.23809523809523808
78,00-0035359,1.0,,,9.0,9.0,0.0,0.0,,,,,,,D.Sills,NYG,291,184,22,21,0.003436426116838488,,,
79,00-0036569,1.0,,,1.0,1.0,5.0,-1.2074049110960914,1.0,4.0,,,,,G.Brightwell,NYG,291,184,22,21,0.003436426116838488,0.005434782608695652,,
80,00-0034988,3.0,,,22.0,7.333333333333333,11.0,-2.5219869872526033,,,,,,,K.Smith,NYG,291,184,22,21,0.010309278350515464,,,
81,00-0032813,4.0,,,-1.0,-0.25,17.0,3.601682736451039,17.0,3.176470588235294,1.0,,,,E.Penny,NYG,291,184,22,21,0.013745704467353952,0.09239130434782608,,0.047619047619047616
82,00-0033367,6.0,2.0,1.0,102.0,17.0,13.0,-13.131211721338332,1.0,6.0,,,,,C.Board,NYG,291,184,22,21,0.020618556701030927,0.005434782608695652,0.045454545454545456,
83,00-0034860,16.0,,1.0,103.0,6.4375,38.0,-4.711174034178839,,,,,36.36338710784912,,D.Pettis,NYG,291,184,22,21,0.054982817869415807,,0.045454545454545456,
84,00-0033460,16.0,4.0,1.0,288.0,18.0,23.0,-12.43889588683669,,,,,,,J.Ross,NYG,291,184,22,21,0.054982817869415807,,0.045454545454545456,
85,00-0036254,19.0,,1.0,160.0,8.421052631578947,15.0,-23.076523378840648,,,,,,,C.Johnson,NYG,291,184,22,21,0.06529209621993128,,0.045454545454545456,
86,00-0027981,19.0,,6.0,105.0,5.833333333333333,43.0,-15.254668206951465,,,,,,,K.Rudolph,NYG,291,184,22,21,0.06529209621993128,,0.2727272727272727,
87,00-0034844,20.0,,1.0,19.0,0.95,140.0,13.981400862641749,54.0,3.611111111111111,5.0,3.0,,0.05555555555555555,S.Barkley,NYG,291,184,22,21,0.06872852233676977,0.29347826086956524,0.045454545454545456,0.23809523809523808
88,00-0032972,20.0,,2.0,-2.0,-0.1,144.0,69.54592105987831,64.0,3.375,8.0,7.0,,0.109375,D.Booker,NYG,291,184,22,21,0.06872852233676977,0.34782608695652173,0.09090909090909091,0.38095238095238093
89,00-0035535,25.0,4.0,,343.0,13.72,22.0,-27.9997436598278,,,,,,,D.Slayton,NYG,291,184,22,21,0.0859106529209622,,,
90,00-0033932,29.0,1.0,1.0,402.0,13.862068965517242,75.0,9.804571942084294,,,,,,,K.Golladay,NYG,291,184,22,21,0.09965635738831616,,0.045454545454545456,
91,00-0033881,33.0,,3.0,128.0,3.878787878787879,101.0,-27.97025359646068,1.0,-3.0,1.0,,,,E.Engram,NYG,291,184,22,21,0.1134020618556701,0.005434782608695652,0.13636363636363635,0.047619047619047616
92,00-0036913,35.0,2.0,2.0,228.0,6.514285714285714,200.0,18.062857833283488,2.0,4.0,1.0,,-25.500863790512085,,K.Toney,NYG,291,184,22,21,0.12027491408934708,0.010869565217391304,0.09090909090909091,0.047619047619047616
93,00-0032385,43.0,,3.0,311.0,7.232558139534884,99.0,34.41286501489958,1.0,-9.0,,,,,S.Shepard,NYG,291,184,22,21,0.14776632302405499,0.005434782608695652,0.13636363636363635,
94,00-0030520,,,,,,,,2.0,1.0,,,4.601631605106851,,M.Glennon,NYG,291,184,22,21,,0.010869565217391304,,
95,00-0035715,1.0,,,-1.0,-1.0,8.0,0.4332725746498909,11.0,4.363636363636363,2.0,1.0,,0.09090909090909091,D.Gore,KC,322,189,22,16,0.003105590062111801,0.0582010582010582,,0.125
96,00-0031595,1.0,,,-2.0,-2.0,13.0,4.4458123850417905,3.0,3.0,,,,,M.Burton,KC,322,189,22,16,0.003105590062111801,0.015873015873015872,,
97,00-0029164,1.0,,1.0,0.0,0.0,-2.0,-4.33730491658207,,,,,,,M.Remmers,KC,322,189,22,16,0.003105590062111801,,0.045454545454545456,
98,00-0033481,2.0,,,31.0,15.5,3.0,-1.2241540796967456,,,,,,,M.Kemp,KC,322,189,22,16,0.006211180124223602,,,
99,00-0029664,3.0,,1.0,37.0,12.333333333333334,0.0,-3.0245178093318827,,,,,,,J.Gordon,KC,322,189,22,16,0.009316770186335404,,0.045454545454545456,
100,00-0036637,3.0,,1.0,6.0,2.0,9.0,-5.609903113414475,,,,,,,N.Gray,KC,322,189,22,16,0.009316770186335404,,0.045454545454545456,
101,00-0035547,5.0,,2.0,38.0,7.6,9.0,-4.117490988479404,,,,,,,J.Fortson,KC,322,189,22,16,0.015527950310559006,,0.09090909090909091,
102,00-0032062,6.0,,,11.0,1.8333333333333333,33.0,5.13413930117531,1.0,2.0,,,,,B.Bell,KC,322,189,22,16,0.018633540372670808,0.005291005291005291,,
103,00-0036360,11.0,,3.0,-18.0,-1.8,73.0,16.688379427192558,65.0,4.676923076923077,3.0,7.0,,0.1076923076923077,C.Edwards-Helaire,KC,322,189,22,16,0.034161490683229816,0.3439153439153439,0.13636363636363635,0.1875
104,00-0031376,11.0,,,-12.0,-1.0909090909090908,51.0,4.526706729084253,4.0,3.0,,,,,J.McKinnon,KC,322,189,22,16,0.034161490683229816,0.021164021164021163,,
105,00-0032775,21.0,2.0,,261.0,12.428571428571429,21.0,-21.586488965214812,,,,,,,D.Robinson,KC,322,189,22,16,0.06521739130434782,,,
106,00-0034301,24.0,,2.0,-6.0,-0.25,173.0,36.142876484504086,65.0,3.5384615384615383,9.0,4.0,,0.06153846153846154,Da.Williams,KC,322,189,22,16,0.07453416149068323,0.3439153439153439,0.09090909090909091,0.5625
107,00-0034297,25.0,1.0,1.0,312.0,12.48,74.0,-12.942584199729028,,,,,,,B.Pringle,KC,322,189,22,16,0.07763975155279502,,0.045454545454545456,
108,00-0035140,47.0,3.0,2.0,323.0,6.872340425531915,240.0,13.679550323373402,4.0,8.25,,1.0,,0.25,M.Hardman,KC,322,189,22,16,0.14596273291925466,0.021164021164021163,0.09090909090909091,
109,00-0030506,71.0,2.0,4.0,565.0,7.957746478873239,289.0,69.6709688218034,,,,,,,T.Kelce,KC,322,189,22,16,0.2204968944099379,,0.18181818181818182,
110,00-0033040,90.0,6.0,5.0,894.0,9.933333333333334,255.0,-71.53748261448345,5.0,12.6,,4.0,,0.8,T.Hill,KC,322,189,22,16,0.2795031055900621,0.026455026455026454,0.22727272727272727,
111,00-0026197,,,,,,,,1.0,4.0,,,3.2737002770105996,,C.Henne,KC,322,189,22,16,,0.005291005291005291,,
112,00-0033873,,,,,,,,30.0,7.8,2.0,10.0,4.109734360311852,0.3333333333333333,P.Mahomes,KC,322,189,22,16,,0.15873015873015872,,0.125
113,00-0035823,1.0,,,7.0,7.0,0.0,0.0,,,,,,,B.Ellefson,MIN,263,193,12,11,0.0038022813688212928,,,
114,00-0036635,1.0,,,4.0,4.0,2.0,-2.299577011639485,,,,,,,I.Smith-Marsette,MIN,263,193,12,11,0.0038022813688212928,,,
115,00-0028042,1.0,,,1.0,1.0,6.0,-0.5626953174796654,,,,,,,L.Stocker,MIN,263,193,12,11,0.0038022813688212928,,,
116,00-0034766,4.0,,1.0,10.0,2.5,12.0,1.3310041260847356,,,,,,,C.Herndon,MIN,263,193,12,11,0.015209125475285171,,0.08333333333333333,
117,00-0032918,6.0,,,4.0,0.6666666666666666,22.0,-18.402348979165254,6.0,5.666666666666667,2.0,1.0,,0.16666666666666666,C.Ham,MIN,263,193,12,11,0.022813688212927757,0.031088082901554404,,0.18181818181818182
118,00-0033839,9.0,,,71.0,7.888888888888889,14.0,-17.696406858070986,,,,,,,D.Westbrook,MIN,263,193,12,11,0.034220532319391636,,,
119,00-0032104,9.0,,,9.0,1.0,55.0,6.500916151955607,15.0,4.066666666666666,,,,,A.Abdullah,MIN,263,193,12,11,0.034220532319391636,0.07772020725388601,,
120,00-0034972,19.0,,1.0,-1.0,-0.05263157894736842,119.0,-2.726193938891809,70.0,3.9,3.0,5.0,,0.07142857142857142,A.Mattison,MIN,263,193,12,11,0.07224334600760456,0.3626943005181347,0.08333333333333333,0.2727272727272727
121,00-0033893,20.0,,,-38.0,-1.9,97.0,-3.6190374221041592,99.0,4.530612244897959,5.0,18.0,,0.18181818181818182,D.Cook,MIN,263,193,12,11,0.07604562737642585,0.5129533678756477,,0.45454545454545453
122,00-0034270,37.0,1.0,2.0,183.0,4.945945945945946,141.0,-6.526066891019584,,,,,,,T.Conklin,MIN,263,193,12,11,0.14068441064638784,,0.16666666666666666,
123,00-0036345,38.0,2.0,,283.0,7.447368421052632,114.0,-15.5435499516243,1.0,10.0,,1.0,,1.0,K.Osborn,MIN,263,193,12,11,0.1444866920152091,0.0051813471502590676,,
124,00-0030035,59.0,1.0,5.0,536.0,9.084745762711865,141.0,-61.10800238727097,1.0,2.0,,,,,A.Thielen,MIN,263,193,12,11,0.22433460076045628,0.0051813471502590676,0.4166666666666667,
125,00-0036322,64.0,7.0,3.0,707.0,11.222222222222221,209.0,-11.363021226017738,,,,,11.57069057226181,,J.Jefferson,MIN,263,193,12,11,0.24334600760456274,,0.25,
126,00-0029604,,,,,,,,9.0,8.555555555555555,1.0,3.0,2.4719996578418293,0.3333333333333333,K.Cousins,MIN,263,193,12,11,,0.046632124352331605,,0.09090909090909091
127,00-0036011,1.0,,,9.0,9.0,8.0,4.7507136627682485,,,,,,,B.Price,DET,295,183,16,17,0.003389830508474576,,,
128,00-0032626,2.0,,,20.0,10.0,0.0,0.0,,,,,,,G.Allison,DET,295,183,16,17,0.006779661016949152,,,
129,00-0035544,2.0,,,27.0,13.5,11.0,6.456022831553128,,,,,,,T.Kennedy,DET,295,183,16,17,0.006779661016949152,,,
130,00-0034171,2.0,,,1.0,0.5,4.0,-2.8373784444847843,,,,,,,J.Cabinda,DET,295,183,16,17,0.006779661016949152,,,
131,00-0032160,3.0,,,13.0,4.333333333333333,8.0,-1.2320320816943422,,,,,,,T.Williams,DET,295,183,16,17,0.010169491525423728,,,
132,00-0034614,3.0,,,8.0,2.6666666666666665,32.0,16.851912853322574,3.0,6.0,,,,,G.Igwebuike,DET,295,183,16,17,0.010169491525423728,0.01639344262295082,,
133,00-0036670,4.0,,,2.0,0.5,21.0,-6.6577450855911575,2.0,3.0,1.0,,,,J.Jefferson,DET,295,183,16,17,0.013559322033898305,0.01092896174863388,,0.058823529411764705
134,00-0029738,5.0,,,24.0,4.8,27.0,7.352061363591929,,,,,,,D.Fells,DET,295,183,16,17,0.01694915254237288,,,
135,00-0034854,15.0,,1.0,164.0,11.714285714285714,9.0,-21.957893828395754,,,,,,,K.Hodge,DET,295,183,16,17,0.05084745762711865,,0.0625,
136,00-0034930,15.0,1.0,,128.0,8.533333333333333,31.0,2.2673022426388343,,,,,,,T.Benson,DET,295,183,16,17,0.05084745762711865,,,
137,00-0033948,18.0,,,2.0,0.1111111111111111,106.0,-16.694521785611872,71.0,4.394366197183099,6.0,8.0,,0.11267605633802817,J.Williams,DET,295,183,16,17,0.061016949152542375,0.3879781420765027,,0.35294117647058826
138,00-0036277,23.0,2.0,3.0,251.0,11.409090909090908,95.0,21.616600459936308,,,,,,,Q.Cephus,DET,295,183,16,17,0.07796610169491526,,0.1875,
139,00-0036963,39.0,,4.0,299.0,7.868421052631579,105.0,-26.643977485095093,,,,,,,A.St. Brown,DET,295,183,16,17,0.13220338983050847,,0.25,
140,00-0032464,40.0,2.0,1.0,445.0,11.125,139.0,10.265566860296527,2.0,5.0,,,,,K.Raymond,DET,295,183,16,17,0.13559322033898305,0.01092896174863388,0.0625,
141,00-0036275,57.0,,3.0,6.0,0.10526315789473684,434.0,90.29030314169358,90.0,3.2111111111111112,8.0,9.0,,0.1,D.Swift,DET,295,183,16,17,0.19322033898305085,0.4918032786885246,0.1875,0.47058823529411764
142,00-0035229,66.0,1.0,4.0,458.0,7.15625,172.0,-54.79348702690914,,,,,,,T.Hockenson,DET,295,183,16,17,0.22372881355932203,,0.25,
143,00-0035040,,,,,,,,1.0,6.0,,,,,D.Blough,DET,295,183,16,17,,0.00546448087431694,,
144,00-0035327,,,,,,,,1.0,28.0,,1.0,,1.0,C.Moore,DET,295,183,16,17,,0.00546448087431694,,
145,00-0033106,,,,,,,,13.0,5.846153846153846,2.0,3.0,0.7409557132984941,0.23076923076923078,J.Goff,DET,295,183,16,17,,0.07103825136612021,,0.11764705882352941
146,00-0035156,,,,,,,,,,,,35.35085916519165,,J.Fox,DET,295,183,16,17,,,,
147,00-0032450,1.0,,,2.0,2.0,4.0,-2.0757314676156966,1.0,5.0,,,,,D.Washington,NO,182,210,15,18,0.005494505494505495,0.004761904761904762,,
148,00-0035184,1.0,,,4.0,4.0,3.0,-0.863938951632008,1.0,-3.0,,,,,D.Ozigbo,NO,182,210,15,18,0.005494505494505495,0.004761904761904762,,
149,00-0033296,1.0,,1.0,0.0,0.0,1.0,0.1605190541013144,3.0,3.0,,,,,A.Armah,NO,182,210,15,18,0.005494505494505495,0.014285714285714285,0.06666666666666667,
150,00-0035406,2.0,,,36.0,18.0,9.0,5.672614088107366,,,,,,,L.Humphrey,NO,182,210,15,18,0.01098901098901099,,,
151,00-0033095,3.0,,,9.0,3.0,21.0,4.752782562281936,,,,,,,G.Griffin,NO,182,210,15,18,0.016483516483516484,,,
152,00-0031545,3.0,2.0,,94.0,31.333333333333332,9.0,-0.10698779081576326,,,,,,,K.White,NO,182,210,15,18,0.016483516483516484,,,
153,00-0033357,4.0,,,11.0,2.75,41.0,16.335064119113667,16.0,4.8125,5.0,1.0,9.099140763282776,0.0625,T.Hill,NO,182,210,15,18,0.02197802197802198,0.0761904761904762,,0.2777777777777778
154,00-0034765,6.0,1.0,1.0,64.0,10.666666666666666,14.0,4.78336783288978,,,,,,,T.Smith,NO,182,210,15,18,0.03296703296703297,,0.06666666666666667,
155,00-0035860,6.0,,1.0,5.0,0.8333333333333334,5.0,-17.29401299901656,19.0,4.052631578947368,,,,,T.Jones,NO,182,210,15,18,0.03296703296703297,0.09047619047619047,0.06666666666666667,
156,00-0032200,8.0,,2.0,31.0,3.875,27.0,-4.128667759388916,3.0,3.6666666666666665,,,,,T.Montgomery,NO,182,210,15,18,0.04395604395604396,0.014285714285714285,0.13333333333333333,
157,00-0028237,8.0,,1.0,49.0,6.125,13.0,2.702504529908764,,,,,,,C.Hogan,NO,182,210,15,18,0.04395604395604396,,0.06666666666666667,
158,00-0030085,12.0,5.0,,274.0,22.833333333333332,6.0,-7.121214612416225,1.0,1.0,,,,,K.Stills,NO,182,210,15,18,0.06593406593406594,0.004761904761904762,,
159,00-0036040,13.0,,2.0,148.0,11.384615384615385,21.0,10.967989482771372,,,,,,,J.Johnson,NO,182,210,15,18,0.07142857142857142,,0.13333333333333333,
160,00-0036422,19.0,,2.0,94.0,4.947368421052632,57.0,-2.814319554061512,,,,,,,A.Trautman,NO,182,210,15,18,0.1043956043956044,,0.13333333333333333,
161,00-0035215,23.0,4.0,,275.0,11.956521739130435,104.0,20.993216940194543,2.0,11.5,,1.0,,0.5,D.Harris,NO,182,210,15,18,0.12637362637362637,0.009523809523809525,,
162,00-0036219,33.0,2.0,2.0,419.0,12.696969696969697,34.0,-30.335350989444123,,,,,,,M.Callaway,NO,182,210,15,18,0.1813186813186813,,0.13333333333333333,
163,00-0033906,37.0,,3.0,31.0,0.8378378378378378,253.0,67.21555790028651,133.0,3.6090225563909772,12.0,9.0,,0.06766917293233082,A.Kamara,NO,182,210,15,18,0.2032967032967033,0.6333333333333333,0.2,0.6666666666666666
164,00-0032156,,,,,,,,1.0,3.0,,,-4.080817222595215,,T.Siemian,NO,182,210,15,18,,0.004761904761904762,,
165,00-0031503,,,,,,,,24.0,7.25,1.0,9.0,-3.137500136116751,0.375,J.Winston,NO,182,210,15,18,,0.11428571428571428,,0.05555555555555555
166,00-0036215,1.0,,1.0,2.0,2.0,0.0,0.0,,,,,,,D.Pinter,IND,294,238,26,31,0.003401360544217687,,0.038461538461538464,
167,00-0036228,1.0,,,4.0,4.0,3.0,-0.9136694135668222,,,,,,,D.Patmon,IND,294,238,26,31,0.003401360544217687,,,
168,00-0034366,1.0,,,5.0,5.0,0.0,-4.577149728371296,,,,,,,K.Coutee,IND,294,238,26,31,0.003401360544217687,,,
169,00-0036482,3.0,,,54.0,18.0,0.0,-9.469211368777906,,,,,,,M.Strachan,IND,294,238,26,31,0.01020408163265306,,,
170,00-0033951,5.0,,,16.0,3.2,4.0,-7.620513481037051,28.0,3.607142857142857,,4.0,,0.14285714285714285,M.Mack,IND,294,238,26,31,0.017006802721088437,0.11764705882352941,,
171,00-0036876,7.0,,1.0,29.0,4.142857142857143,40.0,14.820388190019003,,,,,,,K.Granson,IND,294,238,26,31,0.023809523809523808,,0.038461538461538464,
172,00-0029608,9.0,2.0,,154.0,17.11111111111111,20.0,-18.315508981482708,,,,,,,T.Hilton,IND,294,238,26,31,0.030612244897959183,,,
173,00-0035021,16.0,2.0,,218.0,13.625,27.0,-32.52364882356051,1.0,-7.0,,,,,A.Dulin,IND,294,238,26,31,0.05442176870748299,0.004201680672268907,,
174,00-0035639,17.0,2.0,,231.0,13.588235294117647,17.0,-23.89686767692183,,,,,,,P.Campbell,IND,294,238,26,31,0.05782312925170068,,,
175,00-0030181,24.0,,6.0,129.0,5.863636363636363,63.0,-5.718546277275895,,,,,,,J.Doyle,IND,294,238,26,31,0.08163265306122448,,0.23076923076923078,
176,00-0033217,26.0,1.0,1.0,291.0,11.192307692307692,102.0,44.57497786685417,,,,,,,M.Alie-Cox,IND,294,238,26,31,0.08843537414965986,,0.038461538461538464,
177,00-0036223,28.0,,2.0,-37.0,-1.3703703703703705,328.0,139.66302921804163,140.0,5.864285714285714,23.0,22.0,,0.15714285714285714,J.Taylor,IND,294,238,26,31,0.09523809523809523,0.5882352941176471,0.07692307692307693,0.7419354838709677
178,00-0034367,35.0,,,33.0,0.9428571428571428,185.0,6.756782934688086,41.0,4.658536585365853,2.0,4.0,,0.0975609756097561,N.Hines,IND,294,238,26,31,0.11904761904761904,0.1722689075630252,,0.06451612903225806
179,00-0033251,50.0,2.0,7.0,459.0,9.18,99.0,-46.28186112147523,,,,,,,Z.Pascal,IND,294,238,26,31,0.17006802721088435,,0.2692307692307692,
180,00-0036252,71.0,5.0,8.0,737.0,10.380281690140846,191.0,-54.13117069472355,2.0,4.0,,,,,M.Pittman,IND,294,238,26,31,0.24149659863945577,0.008403361344537815,0.3076923076923077,
181,00-0036879,,,,,,,,1.0,1.0,1.0,,,,S.Ehlinger,IND,294,238,26,31,,0.004201680672268907,,0.03225806451612903
182,00-0032950,,,,,,,,25.0,5.291666666666667,5.0,4.0,0.30348591662787056,0.16,C.Wentz,IND,294,238,26,31,,0.10504201680672269,,0.16129032258064516
183,00-0036226,,,,,,,,,,,,-24.654836058616638,,J.Eason,IND,294,238,26,31,,,,
184,00-0031934,1.0,,,19.0,19.0,0.0,0.0,,,,,,,D.Smith,JAX,264,158,15,19,0.003787878787878788,,,
185,00-0032208,2.0,,1.0,20.0,10.0,5.0,-1.0957059494685382,,,,,,,P.Dorsett,JAX,264,158,15,19,0.007575757575757576,,0.06666666666666667,
186,00-0032951,2.0,1.0,1.0,41.0,20.5,0.0,0.0,,,,,,,L.Treadwell,JAX,264,158,15,19,0.007575757575757576,,0.06666666666666667,
187,00-0033854,2.0,,,5.0,2.5,23.0,12.049509951975779,4.0,3.0,1.0,,,,D.Ogunbowale,JAX,264,158,15,19,0.007575757575757576,0.02531645569620253,,0.05263157894736842
188,00-0031484,4.0,,,42.0,10.5,7.0,-4.151838287456485,,,,,,,C.Manhertz,JAX,264,158,15,19,0.015151515151515152,,,
189,00-0035457,5.0,2.0,,102.0,20.4,9.0,-4.7391849246341735,,,,,,,T.Johnson,JAX,264,158,15,19,0.01893939393939394,,,
190,00-0036887,8.0,,,53.0,6.625,21.0,-5.892633934425248,,,,,,,L.Farrell,JAX,264,158,15,19,0.030303030303030304,,,
191,00-0031951,9.0,,,59.0,6.555555555555555,27.0,0.0,,,,,,,J.O'Shaughnessy,JAX,264,158,15,19,0.03409090909090909,,,
192,00-0033387,9.0,,1.0,69.0,7.666666666666667,5.0,-6.79831461286085,,,,,,,J.Hollister,JAX,264,158,15,19,0.03409090909090909,,0.06666666666666667,
193,00-0030525,12.0,1.0,,119.0,9.916666666666666,14.0,-12.574845898845524,,,,,,,T.Austin,JAX,264,158,15,19,0.045454545454545456,,,
194,00-0031045,12.0,,,4.0,0.3333333333333333,58.0,-4.4639313486404735,33.0,4.242424242424242,3.0,2.0,,0.06060606060606061,C.Hyde,JAX,264,158,15,19,0.045454545454545456,0.2088607594936709,,0.15789473684210525
195,00-0034777,23.0,2.0,1.0,359.0,16.318181818181817,24.0,1.0380456974380632,,,,,,,D.Chark,JAX,264,158,15,19,0.08712121212121213,,0.06666666666666667,
196,00-0035831,24.0,,1.0,4.0,0.16666666666666666,143.0,6.996809222953742,88.0,5.4772727272727275,11.0,12.0,,0.13636363636363635,J.Robinson,JAX,264,158,15,19,0.09090909090909091,0.5569620253164557,0.06666666666666667,0.5789473684210527
197,00-0033572,27.0,1.0,3.0,177.0,6.8076923076923075,89.0,-13.858697355863114,2.0,9.5,,1.0,,0.5,J.Agnew,JAX,264,158,15,19,0.10227272727272728,0.012658227848101266,0.2,
198,00-0036268,45.0,1.0,3.0,284.0,6.311111111111111,172.0,38.64760191254754,4.0,7.0,,1.0,,0.25,L.Shenault,JAX,264,158,15,19,0.17045454545454544,0.02531645569620253,0.2,
199,00-0029293,55.0,3.0,5.0,642.0,11.672727272727272,61.0,-79.92079612667294,,,,,,,M.Jones,JAX,264,158,15,19,0.20833333333333334,,0.3333333333333333,
200,00-0036971,,,,,,,,27.0,5.0,4.0,5.0,-4.819780918023058,0.18518518518518517,T.Lawrence,JAX,264,158,15,19,,0.17088607594936708,,0.21052631578947367
201,00-0031800,1.0,,,-4.0,-4.0,2.0,-7.7139649022065,34.0,6.882352941176471,8.0,9.0,-0.8253453049197126,0.2647058823529412,T.Heinicke,WAS,276,206,12,20,0.0036231884057971015,0.1650485436893204,,0.4
202,00-0036628,2.0,,,4.0,2.0,7.0,-4.0394455354326055,,,,,,,J.Bates,WAS,276,206,12,20,0.007246376811594203,,,
203,00-0036755,3.0,,,-3.0,-1.0,11.0,-5.2056673206971045,20.0,3.7,,1.0,,0.05,J.Patterson,WAS,276,206,12,20,0.010869565217391304,0.0970873786407767,,
204,00-0034104,5.0,,,49.0,9.8,27.0,10.325563387465081,1.0,7.0,,,,,C.Sims,WAS,276,206,12,20,0.018115942028985508,0.0048543689320388345,,
205,00-0033282,5.0,,,9.0,1.8,24.0,4.520491677307291,1.0,8.0,,,,,C.Samuel,WAS,276,206,12,20,0.018115942028985508,0.0048543689320388345,,
206,00-0036671,8.0,,,76.0,9.5,22.0,5.31002411271038,,,,,,,D.Milne,WAS,276,206,12,20,0.028985507246376812,,,
207,00-0031260,14.0,,1.0,115.0,8.214285714285714,42.0,-11.47651238778053,,,,,,,L.Thomas,WAS,276,206,12,20,0.050724637681159424,,0.08333333333333333,
208,00-0031763,17.0,2.0,,230.0,13.529411764705882,32.0,-6.571874187102369,3.0,13.333333333333334,,2.0,,0.6666666666666666,D.Carter,WAS,276,206,12,20,0.06159420289855073,0.014563106796116505,,
209,00-0036626,20.0,2.0,,279.0,13.95,18.0,-22.43034162966069,1.0,-4.0,,,,,D.Brown,WAS,276,206,12,20,0.07246376811594203,0.0048543689320388345,,
210,00-0036328,21.0,,1.0,-28.0,-1.3333333333333333,171.0,32.77222812647233,111.0,3.981981981981982,8.0,7.0,,0.06306306306306306,A.Gibson,WAS,276,206,12,20,0.07608695652173914,0.5388349514563107,0.08333333333333333,0.4
211,00-0032009,29.0,1.0,,224.0,7.724137931034483,115.0,8.136663504963508,,,,,,,A.Humphries,WAS,276,206,12,20,0.10507246376811594,,,
212,00-0033611,32.0,,5.0,158.0,5.096774193548387,109.0,-5.22765277777944,,,,,,,R.Seals-Jones,WAS,276,206,12,20,0.11594202898550725,,0.4166666666666667,
213,00-0032602,43.0,,1.0,37.0,0.8809523809523809,308.0,72.7083376971932,33.0,4.125,4.0,3.0,,0.09090909090909091,J.McKissic,WAS,276,206,12,20,0.15579710144927536,0.16019417475728157,0.08333333333333333,0.2
214,00-0035659,76.0,8.0,4.0,947.0,12.460526315789474,160.0,-22.373443820157263,1.0,12.0,,1.0,,1.0,T.McLaurin,WAS,276,206,12,20,0.2753623188405797,0.0048543689320388345,0.3333333333333333,
215,00-0023682,,,,,,,,1.0,2.0,,,-17.919545372327168,,R.Fitzpatrick,WAS,276,206,12,20,,0.0048543689320388345,,
216,00-0036389,1.0,,1.0,3.0,3.0,0.0,0.0,68.0,6.426470588235294,12.0,15.0,-0.8248523498574891,0.22058823529411764,J.Hurts,PHI,246,207,15,29,0.0040650406504065045,0.3285024154589372,0.06666666666666667,0.41379310344827586
217,00-0036741,1.0,,,-6.0,-6.0,15.0,4.633923481160309,,,,,,,J.Stoll,PHI,246,207,15,29,0.0040650406504065045,,,
218,00-0033733,3.0,,1.0,33.0,11.0,0.0,0.0,,,,,-42.84793734550476,,G.Ward,PHI,246,207,15,29,0.012195121951219513,,0.06666666666666667,
219,00-0034414,5.0,,,-8.0,-1.6,21.0,-7.630759909647168,19.0,4.421052631578948,5.0,1.0,,0.05263157894736842,B.Scott,PHI,246,207,15,29,0.02032520325203252,0.09178743961352658,,0.1724137931034483
220,00-0035243,24.0,,,-53.0,-2.2083333333333335,185.0,9.986930716033388,64.0,4.761904761904762,5.0,8.0,,0.125,M.Sanders,PHI,246,207,15,29,0.0975609756097561,0.30917874396135264,,0.1724137931034483
221,00-0036271,29.0,5.0,4.0,378.0,13.5,149.0,4.6564357691750065,,,,,,,Q.Watkins,PHI,246,207,15,29,0.11788617886178862,,0.26666666666666666,
222,00-0036919,31.0,1.0,,73.0,2.3548387096774195,149.0,32.28560392306099,40.0,3.769230769230769,4.0,3.0,,0.075,K.Gainwell,PHI,246,207,15,29,0.12601626016260162,0.1932367149758454,,0.13793103448275862
223,00-0034351,32.0,1.0,4.0,266.0,8.580645161290322,164.0,47.78175132888282,,,,,,,D.Goedert,PHI,246,207,15,29,0.13008130081300814,,0.26666666666666666,
224,00-0036387,32.0,3.0,1.0,282.0,8.8125,100.0,-23.6137118388433,4.0,8.25,,3.0,,0.75,J.Reagor,PHI,246,207,15,29,0.13008130081300814,0.01932367149758454,0.06666666666666667,
225,00-0030061,40.0,1.0,3.0,331.0,8.275,145.0,24.09611615617905,1.0,4.0,1.0,,,,Z.Ertz,PHI,246,207,15,29,0.16260162601626016,0.004830917874396135,0.2,0.034482758620689655
226,00-0036912,57.0,7.0,1.0,767.0,13.696428571428571,106.0,-29.7114364965164,,,,,,,D.Smith,PHI,246,207,15,29,0.23170731707317074,,0.06666666666666667,
227,00-0032780,,,,,,,,12.0,4.75,3.0,2.0,,0.16666666666666666,J.Howard,PHI,246,207,15,29,,0.057971014492753624,,0.10344827586206896
228,00-0035289,,,,,,,,,,,,12.793582677841187,,G.Minshew,PHI,246,207,15,29,,,,
229,00-0036439,1.0,,,5.0,5.0,0.0,0.0,,,,,,,T.Cleveland,DEN,271,185,20,12,0.0036900369003690036,,,
230,00-0031051,1.0,1.0,,31.0,31.0,0.0,0.0,,,,,,,J.Brown,DEN,271,185,20,12,0.0036900369003690036,,,
231,00-0034208,1.0,,,-4.0,-4.0,7.0,-3.7358377025520895,,,,,,,M.Boone,DEN,271,185,20,12,0.0036900369003690036,,,
232,00-0033589,2.0,,,28.0,14.0,0.0,0.0,,,,,,,D.Moore,DEN,271,185,20,12,0.007380073800738007,,,
233,00-0031319,3.0,,1.0,0.0,0.0,0.0,-9.002874784346204,,,,,,,D.Spencer,DEN,271,185,20,12,0.01107011070110701,,0.05,
234,00-0033576,9.0,,,29.0,3.2222222222222223,24.0,-8.763513546466129,,,,,,,E.Saubert,DEN,271,185,20,12,0.033210332103321034,,,
235,00-0036412,10.0,1.0,,201.0,20.1,16.0,-4.691231677919859,,,,,,,K.Hamler,DEN,271,185,20,12,0.03690036900369004,,,
236,00-0036407,11.0,,,119.0,10.818181818181818,11.0,-29.932619247476396,1.0,0.0,,,,,J.Jeudy,DEN,271,185,20,12,0.04059040590405904,0.005405405405405406,,
237,00-0036423,13.0,1.0,2.0,72.0,5.538461538461538,53.0,21.43747418280691,,,,,,,A.Okwuegbunam,DEN,271,185,20,12,0.04797047970479705,,0.1,
238,00-0035864,14.0,,2.0,100.0,7.142857142857143,27.0,8.515595358425344,,,,,,,K.Hinton,DEN,271,185,20,12,0.05166051660516605,,0.1,
239,00-0032144,22.0,,2.0,11.0,0.5,129.0,14.069236000294044,88.0,4.511363636363637,6.0,7.0,,0.07954545454545454,M.Gordon,DEN,271,185,20,12,0.08118081180811808,0.4756756756756757,0.1,0.5
240,00-0036997,26.0,,1.0,-12.0,-0.46153846153846156,150.0,-16.310553903735126,78.0,4.551282051282051,6.0,11.0,,0.14102564102564102,J.Williams,DEN,271,185,20,12,0.0959409594095941,0.42162162162162165,0.05,0.5
241,00-0033375,42.0,1.0,4.0,486.0,11.571428571428571,122.0,13.57066115734051,,,,,,,T.Patrick,DEN,271,185,20,12,0.15498154981549817,,0.2,
242,00-0035644,53.0,,3.0,317.0,5.981132075471698,140.0,-31.913740810261515,,,,,,,N.Fant,DEN,271,185,20,12,0.19557195571955718,,0.15,
243,00-0034348,63.0,12.0,5.0,1006.0,16.225806451612904,96.0,-71.23588510817353,,,,,,,C.Sutton,DEN,271,185,20,12,0.23247232472324722,,0.25,
244,00-0035448,,,,,,,,3.0,2.3333333333333335,,,,,D.Crockett,DEN,271,185,20,12,,0.016216216216216217,,
245,00-0031237,,,,,,,,15.0,4.866666666666666,,3.0,8.264203555133927,0.2,T.Bridgewater,DEN,271,185,20,12,,0.08108108108108109,,
246,00-0035704,,,,,,,,,,,,-7.623805744307382,,D.Lock,DEN,271,185,20,12,,,,
247,00-0035645,1.0,,,13.0,13.0,9.0,5.180940757054486,,,,,,,G.Olszewski,NE,284,200,17,28,0.0035211267605633804,,,
248,00-0035726,4.0,,1.0,6.0,1.5,29.0,16.283728972557583,,,,,,,J.Johnson,NE,284,200,17,28,0.014084507042253521,,0.058823529411764705,
249,00-0036096,4.0,,,-2.0,-0.5,10.0,-19.496916831398266,13.0,2.0,3.0,1.0,,0.07692307692307693,J.Taylor,NE,284,200,17,28,0.014084507042253521,0.065,,0.10714285714285714
250,00-0036875,6.0,,,5.0,0.8333333333333334,51.0,5.445686941391614,25.0,2.96,2.0,1.0,,0.04,R.Stevenson,NE,284,200,17,28,0.02112676056338028,0.125,,0.07142857142857142
251,00-0035624,7.0,,,96.0,13.714285714285714,2.0,-13.20265543088317,,,,,,,N.Harry,NE,284,200,17,28,0.02464788732394366,,,
252,00-0035657,12.0,,,6.0,0.5,58.0,-12.522303970996289,118.0,4.38135593220339,18.0,12.0,,0.1016949152542373,D.Harris,NE,284,200,17,28,0.04225352112676056,0.59,,0.6428571428571429
253,00-0031062,14.0,,,51.0,3.642857142857143,70.0,-9.566683465862297,10.0,3.8,1.0,1.0,,0.1,J.White,NE,284,200,17,28,0.04929577464788732,0.05,,0.03571428571428571
254,00-0029239,22.0,,2.0,0.0,0.0,172.0,29.754137682502915,14.0,3.857142857142857,2.0,2.0,,0.14285714285714285,B.Bolden,NE,284,200,17,28,0.07746478873239436,0.07,0.11764705882352941,0.07142857142857142
255,00-0033858,32.0,,5.0,148.0,4.625,155.0,31.954371564592293,3.0,5.333333333333333,1.0,,,,J.Smith,NE,284,200,17,28,0.11267605633802817,0.015,0.29411764705882354,0.03571428571428571
256,00-0033090,35.0,,3.0,304.0,8.685714285714285,90.0,5.020510952708719,,,,,,,H.Henry,NE,284,200,17,28,0.12323943661971831,,0.17647058823529413,
257,00-0033307,35.0,4.0,1.0,371.0,10.6,159.0,30.68006144499668,2.0,14.0,,2.0,64.89481925964355,1.0,K.Bourne,NE,284,200,17,28,0.12323943661971831,0.01,0.058823529411764705,
258,00-0031549,42.0,7.0,1.0,663.0,15.785714285714286,72.0,-22.733968014603306,2.0,2.5,,,,,N.Agholor,NE,284,200,17,28,0.14788732394366197,0.01,0.058823529411764705,
259,00-0034960,70.0,1.0,4.0,619.0,9.102941176470589,122.0,-85.10166217979713,,,,,41.68689250946045,,J.Meyers,NE,284,200,17,28,0.24647887323943662,,0.23529411764705882,
260,00-0036972,,,,,,,,13.0,4.6923076923076925,1.0,2.0,2.9312791329795034,0.15384615384615385,M.Jones,NE,284,200,17,28,,0.065,,0.03571428571428571
261,00-0026625,,,,,,,,,,,,16.590850800275803,,B.Hoyer,NE,284,200,17,28,,,,
262,00-0035632,1.0,,,4.0,4.0,2.0,-3.970424363578786,,,,,,,A.Hooker,TEN,256,255,15,21,0.00390625,,,
263,00-0036652,1.0,,,13.0,13.0,0.0,0.0,,,,,,,R.McMath,TEN,256,255,15,21,0.00390625,,,
264,00-0036297,2.0,,,-4.0,-2.0,15.0,-2.1601075811631745,2.0,3.5,,,,,D.Evans,TEN,256,255,15,21,0.0078125,0.00784313725490196,,
265,00-0034652,5.0,1.0,2.0,84.0,16.8,1.0,-2.526507044880418,2.0,7.5,,1.0,,0.5,C.Batson,TEN,256,255,15,21,0.01953125,0.00784313725490196,0.13333333333333333,
266,00-0036173,5.0,,,11.0,2.2,24.0,4.207510128922877,,,,,,,T.Hudson,TEN,256,255,15,21,0.01953125,,,
267,00-0032980,12.0,1.0,,121.0,10.083333333333334,31.0,10.688648858376837,1.0,5.0,,,,,M.Johnson,TEN,256,255,15,21,0.046875,0.00392156862745098,,
268,00-0031585,12.0,,2.0,72.0,6.545454545454546,55.0,8.496604366875545,,,,,,,M.Pruitt,TEN,256,255,15,21,0.046875,,0.13333333333333333,
269,00-0033943,13.0,1.0,,144.0,11.076923076923077,41.0,-4.930698730488076,,,,,,,J.Reynolds,TEN,256,255,15,21,0.05078125,,,
270,00-0033455,17.0,,1.0,106.0,6.235294117647059,44.0,-9.011382225653506,,,,,,,A.Firkser,TEN,256,255,15,21,0.06640625,,0.06666666666666667,
271,00-0032141,17.0,,2.0,78.0,4.588235294117647,39.0,-7.740034472597473,,,,,,,G.Swaim,TEN,256,255,15,21,0.06640625,,0.13333333333333333,
272,00-0032764,20.0,,,-3.0,-0.15,160.0,27.214562764260336,220.0,4.2785388127853885,18.0,20.0,57.494595646858215,0.09090909090909091,D.Henry,TEN,256,255,15,21,0.078125,0.8627450980392157,,0.8571428571428571
273,00-0036182,21.0,1.0,2.0,186.0,8.857142857142858,49.0,0.4231430414874935,,,,,,,N.Westbrook-Ikhine,TEN,256,255,15,21,0.08203125,,0.13333333333333333,
274,00-0032355,22.0,,1.0,195.0,8.863636363636363,51.0,-3.623724160825077,1.0,9.0,,,,,C.Rogers,TEN,256,255,15,21,0.0859375,0.00392156862745098,0.06666666666666667,
275,00-0027944,27.0,2.0,1.0,367.0,13.592592592592593,71.0,-6.96664124608651,,,,,,,J.Jones,TEN,256,255,15,21,0.10546875,,0.06666666666666667,
276,00-0033955,27.0,,2.0,-6.0,-0.2222222222222222,207.0,49.42736833211529,7.0,5.428571428571429,,1.0,,0.14285714285714285,J.McNichols,TEN,256,255,15,21,0.10546875,0.027450980392156862,0.13333333333333333,
277,00-0035676,54.0,4.0,2.0,646.0,11.962962962962964,157.0,14.38139543570287,1.0,3.0,,,,,A.Brown,TEN,256,255,15,21,0.2109375,0.00392156862745098,0.13333333333333333,
278,00-0036698,,,,,,,,2.0,2.0,,,,,M.Sargent,TEN,256,255,15,21,,0.00784313725490196,,
279,00-0029701,,,,,,,,19.0,8.894736842105264,3.0,7.0,1.635210645999833,0.3684210526315789,R.Tannehill,TEN,256,255,15,21,,0.07450980392156863,,0.14285714285714285
280,00-0032496,,,,,,,,,,,,31.02088570594788,,M.Farley,TEN,256,255,15,21,,,,
281,00-0033421,1.0,,,11.0,11.0,0.0,0.0,,,,,,,A.Auclair,HOU,241,186,10,13,0.004149377593360996,,,
282,00-0027691,2.0,,,29.0,14.5,16.0,11.7206246816786,,,,,,,A.Roberts,HOU,241,186,10,13,0.008298755186721992,,,
283,00-0036069,3.0,,,2.0,0.6666666666666666,7.0,-4.905032095790375,5.0,2.2,,,,,S.Phillips,HOU,241,186,10,13,0.012448132780082987,0.026881720430107527,,
284,00-0034109,4.0,,1.0,-10.0,-2.5,44.0,18.604046427542926,41.0,2.5609756097560976,1.0,2.0,,0.04878048780487805,P.Lindsay,HOU,241,186,10,13,0.016597510373443983,0.22043010752688172,0.1,0.07692307692307693
285,00-0036556,4.0,,1.0,31.0,7.75,15.0,-4.122526544299035,,,,,,,B.Jordan,HOU,241,186,10,13,0.016597510373443983,,0.1,
286,00-0030288,8.0,,,9.0,1.125,31.0,1.278095077999751,5.0,4.0,1.0,1.0,,0.2,R.Burkhead,HOU,241,186,10,13,0.03319502074688797,0.026881720430107527,,0.07692307692307693
287,00-0027966,11.0,,,12.0,1.0909090909090908,63.0,-10.658701341388221,98.0,3.2755102040816326,9.0,5.0,,0.05102040816326531,M.Ingram,HOU,241,186,10,13,0.04564315352697095,0.5268817204301075,,0.6923076923076923
288,00-0034353,11.0,1.0,1.0,74.0,6.7272727272727275,10.0,-11.655957451112045,,,,,,,A.Miller,HOU,241,186,10,13,0.04564315352697095,,0.1,
289,00-0032398,12.0,,,57.0,4.75,95.0,9.723404202231906,,,,,,,C.Moore,HOU,241,186,10,13,0.04979253112033195,,,
290,00-0032128,14.0,1.0,,199.0,14.214285714285714,43.0,7.209192306021578,,,,,,,C.Conley,HOU,241,186,10,13,0.058091286307053944,,,
291,00-0026035,16.0,,1.0,66.0,4.125,28.0,-30.58483201116178,,,,,,,D.Amendola,HOU,241,186,10,13,0.06639004149377593,,0.1,
292,00-0033439,18.0,1.0,,103.0,5.722222222222222,64.0,-6.804172791249584,,,,,,,P.Brown,HOU,241,186,10,13,0.07468879668049792,,,
293,00-0036554,19.0,,1.0,190.0,10.0,55.0,7.085257139944588,,,,,,,N.Collins,HOU,241,186,10,13,0.07883817427385892,,0.1,
294,00-0032187,25.0,1.0,3.0,65.0,2.6,118.0,-8.954292622831417,29.0,3.7241379310344827,1.0,2.0,,0.06896551724137931,D.Johnson,HOU,241,186,10,13,0.1037344398340249,0.15591397849462366,0.3,0.07692307692307693
295,00-0034364,25.0,,1.0,147.0,5.88,81.0,-21.08298622217262,1.0,3.0,,,,,J.Akins,HOU,241,186,10,13,0.1037344398340249,0.005376344086021506,0.1,
296,00-0031236,70.0,9.0,1.0,837.0,11.957142857142857,123.0,-103.66877038174425,1.0,5.0,,,,,B.Cooks,HOU,241,186,10,13,0.29045643153526973,0.005376344086021506,0.1,
297,00-0028118,,,,,,,,4.0,14.0,,2.0,6.142162930133731,0.5,Ty.Taylor,HOU,241,186,10,13,,0.021505376344086023,,
298,00-0036898,,,,,,,,8.0,1.1428571428571428,1.0,,0.10924694514033773,,D.Mills,HOU,241,186,10,13,,0.043010752688172046,,0.07692307692307693
299,00-0034597,1.0,,,4.0,4.0,0.0,-4.426441974006593,1.0,4.0,,,,,R.Nall,CHI,203,235,9,18,0.0049261083743842365,0.00425531914893617,,
300,00-0035562,2.0,,2.0,12.0,6.0,0.0,0.0,,,,,,,J.Horsted,CHI,203,235,9,18,0.009852216748768473,,0.2222222222222222,
301,00-0027696,3.0,,,8.0,2.6666666666666665,1.0,-0.5597758020740002,,,,,,,J.Graham,CHI,203,235,9,18,0.014778325123152709,,,
302,00-0031868,5.0,,,15.0,3.0,14.0,-7.5042750388238355,,,,,,,D.Byrd,CHI,203,235,9,18,0.024630541871921183,,,
303,00-0032135,6.0,,1.0,41.0,6.833333333333333,17.0,-5.814694576598413,,,,,,,J.James,CHI,203,235,9,18,0.029556650246305417,,0.1111111111111111,
304,00-0035685,9.0,,,2.0,0.2222222222222222,48.0,6.806189967486716,69.0,4.478260869565218,5.0,7.0,,0.10144927536231885,D.Montgomery,CHI,203,235,9,18,0.04433497536945813,0.2936170212765957,,0.2777777777777778
305,00-0036906,10.0,,1.0,-27.0,-2.7,66.0,-8.44931850006833,81.0,4.333333333333333,5.0,8.0,,0.09876543209876543,K.Herbert,CHI,203,235,9,18,0.04926108374384237,0.3446808510638298,0.1111111111111111,0.2777777777777778
306,00-0030874,14.0,,,-9.0,-0.6428571428571429,70.0,-18.200616190537403,37.0,3.7567567567567566,4.0,3.0,,0.08108108108108109,D.Williams,CHI,203,235,9,18,0.06896551724137931,0.1574468085106383,,0.2222222222222222
307,00-0030068,20.0,1.0,,180.0,9.0,52.0,5.516676187326082,2.0,-0.5,1.0,,,,M.Goodwin,CHI,203,235,9,18,0.09852216748768473,0.00851063829787234,,0.05555555555555555
308,00-0036290,36.0,2.0,1.0,287.0,7.972222222222222,89.0,-24.161858638821286,1.0,0.0,1.0,,,,C.Kmet,CHI,203,235,9,18,0.17733990147783252,0.00425531914893617,0.1111111111111111,0.05555555555555555
309,00-0031428,44.0,5.0,1.0,498.0,11.318181818181818,70.0,-39.29826668303576,,,,,,,A.Robinson,CHI,203,235,9,18,0.21674876847290642,,0.1111111111111111,
310,00-0036309,53.0,4.0,3.0,606.0,11.433962264150944,78.0,-74.01728700906824,1.0,10.0,,1.0,,1.0,D.Mooney,CHI,203,235,9,18,0.26108374384236455,0.00425531914893617,0.3333333333333333,
311,00-0027973,,,,,,,,4.0,9.5,,2.0,-0.3027135012101153,0.5,A.Dalton,CHI,203,235,9,18,,0.01702127659574468,,
312,00-0036945,,,,,,,,39.0,6.384615384615385,2.0,10.0,-3.275804018432444,0.2564102564102564,J.Fields,CHI,203,235,9,18,,0.16595744680851063,,0.1111111111111111
313,00-0034401,1.0,,1.0,0.0,,0.0,0.0,2.0,1.5,,,2.451633086258715,,M.White,NYJ,313,166,13,19,0.003194888178913738,0.012048192771084338,0.07692307692307693,
314,00-0032058,3.0,,1.0,-10.0,-3.3333333333333335,23.0,6.772792501025833,21.0,3.4761904761904763,,1.0,,0.047619047619047616,T.Coleman,NYJ,313,166,13,19,0.009584664536741214,0.12650602409638553,0.07692307692307693,
315,00-0035259,4.0,,,0.0,0.0,13.0,1.171784117417701,,,,,,,T.Wesco,NYJ,313,166,13,19,0.012779552715654952,,,
316,00-0035510,9.0,1.0,,149.0,16.555555555555557,14.0,-9.900601293171349,1.0,-1.0,,,,,J.Smith,NYJ,313,166,13,19,0.02875399361022364,0.006024096385542169,,
317,00-0036255,14.0,1.0,1.0,170.0,12.142857142857142,49.0,13.072838868538383,,,,,,,D.Mims,NYJ,313,166,13,19,0.04472843450479233,,0.07692307692307693,
318,00-0032214,15.0,,,113.0,7.533333333333333,30.0,-11.63499251556641,,,,,,,T.Kroft,NYJ,313,166,13,19,0.04792332268370607,,,
319,00-0030108,25.0,,2.0,146.0,5.84,41.0,-81.5742454166757,,,,,,,R.Griffin,NYJ,313,166,13,19,0.07987220447284345,,0.15384615384615385,
320,00-0033681,25.0,1.0,2.0,313.0,13.041666666666666,24.0,-52.852470281395654,,,,,,,K.Cole,NYJ,313,166,13,19,0.07987220447284345,,0.15384615384615385,
321,00-0034419,28.0,,1.0,180.0,6.428571428571429,61.0,-54.12818533067184,2.0,7.5,,,,,B.Berrios,NYJ,313,166,13,19,0.08945686900958466,0.012048192771084338,0.07692307692307693,
322,00-0035537,29.0,,,90.0,3.103448275862069,202.0,79.37224913106184,39.0,3.5128205128205128,6.0,3.0,,0.07692307692307693,T.Johnson,NYJ,313,166,13,19,0.0926517571884984,0.23493975903614459,,0.3157894736842105
323,00-0031941,38.0,,2.0,189.0,5.108108108108108,103.0,-26.457291793500193,,,,,,,J.Crowder,NYJ,313,166,13,19,0.12140575079872204,,0.15384615384615385,
324,00-0036924,39.0,,,14.0,0.358974358974359,264.0,63.01212526018935,87.0,3.813953488372093,10.0,6.0,,0.06896551724137931,Mi.Carter,NYJ,313,166,13,19,0.12460063897763578,0.5240963855421686,,0.5263157894736842
325,00-0036980,41.0,4.0,1.0,468.0,11.7,83.0,-48.62929882458411,2.0,11.5,,1.0,,0.5,E.Moore,NYJ,313,166,13,19,0.13099041533546327,0.012048192771084338,0.07692307692307693,
326,00-0033871,42.0,4.0,2.0,572.0,13.619047619047619,75.0,-15.098696721259332,,,,,,,C.Davis,NYJ,313,166,13,19,0.134185303514377,,0.15384615384615385,
327,00-0036269,,,,,,,,1.0,3.0,,,,,L.Perine,NYJ,313,166,13,19,,0.006024096385542169,,
328,00-0026300,,,,,,,,4.0,6.333333333333333,1.0,1.0,-4.852620959281921,0.25,J.Johnson,NYJ,313,166,13,19,,0.024096385542168676,,0.05263157894736842
329,00-0037013,,,,,,,,7.0,4.0,2.0,2.0,-6.686993375081908,0.2857142857142857,Z.Wilson,NYJ,313,166,13,19,,0.04216867469879518,,0.10526315789473684
330,00-0034799,1.0,,,-1.0,-1.0,0.0,0.0,7.0,1.7142857142857142,,1.0,,0.14285714285714285,K.Ballage,PIT,270,157,14,12,0.003703703703703704,0.044585987261146494,,
331,00-0032897,1.0,,,0.0,0.0,3.0,-3.9661695324466564,,,,,,,D.Watt,PIT,270,157,14,12,0.003703703703703704,,,
332,00-0035891,3.0,,,32.0,10.666666666666666,4.0,-5.066946903469216,,,,,,,C.White,PIT,270,157,14,12,0.011111111111111112,,,
333,00-0035217,3.0,,,0.0,0.0,10.0,0.4707751416717656,8.0,2.625,,,,,B.Snell,PIT,270,157,14,12,0.011111111111111112,0.050955414012738856,,
334,00-0034407,9.0,,,52.0,5.777777777777778,27.0,-13.89815243070916,1.0,10.0,,1.0,,1.0,R.McCloud,PIT,270,157,14,12,0.03333333333333333,0.006369426751592357,,
335,00-0035222,9.0,,1.0,37.0,4.111111111111111,51.0,6.925280543473489,,,,,,,Z.Gentry,PIT,270,157,14,12,0.03333333333333333,,0.07142857142857142,
336,00-0031387,13.0,,1.0,93.0,7.153846153846154,7.0,-25.76750574500329,1.0,1.0,1.0,,,,E.Ebron,PIT,270,157,14,12,0.04814814814814815,0.006369426751592357,0.07142857142857142,0.08333333333333333
337,00-0034676,15.0,1.0,,128.0,8.533333333333333,57.0,-2.664202647167257,,,,,,,J.Washington,PIT,270,157,14,12,0.05555555555555555,,,
338,00-0036894,27.0,,3.0,156.0,5.777777777777778,87.0,26.386557410296525,,,,,,,P.Freiermuth,PIT,270,157,14,12,0.1,,0.21428571428571427,
339,00-0033857,28.0,1.0,,183.0,6.535714285714286,68.0,-13.634159882079985,3.0,3.0,1.0,,,,J.Smith-Schuster,PIT,270,157,14,12,0.1037037037037037,0.01910828025477707,,0.08333333333333333
340,00-0036326,47.0,3.0,1.0,557.0,11.851063829787234,163.0,34.823810823269014,4.0,9.5,,2.0,,0.5,C.Claypool,PIT,270,157,14,12,0.17407407407407408,0.025477707006369428,0.07142857142857142,
341,00-0036893,49.0,,4.0,5.0,0.10204081632653061,281.0,113.64812812396121,128.0,3.7421875,10.0,12.0,,0.09375,N.Harris,PIT,270,157,14,12,0.1814814814814815,0.8152866242038217,0.2857142857142857,0.8333333333333334
342,00-0035216,65.0,6.0,4.0,618.0,9.80952380952381,223.0,3.4859104583374574,1.0,25.0,,1.0,,1.0,D.Johnson,PIT,270,157,14,12,0.24074074074074073,0.006369426751592357,0.2857142857142857,
343,00-0036336,,,,,,,,1.0,1.0,,,,,A.McFarland,PIT,270,157,14,12,,0.006369426751592357,,
344,00-0022924,,,,,,,,3.0,3.3333333333333335,,,-1.6771222321728192,,B.Roethlisberger,PIT,270,157,14,12,,0.01910828025477707,,
345,00-0031136,,,,,,,,,,,,-26.183247566223145,,C.Boswell,PIT,270,157,14,12,,,,
346,00-0037004,1.0,,,2.0,2.0,0.0,0.0,,,,,,,H.Long,MIA,310,163,18,17,0.0032258064516129032,,,
347,00-0035342,1.0,,,-1.0,-1.0,11.0,3.4804058830122813,,,,,,,P.Laird,MIA,310,163,18,17,0.0032258064516129032,,,
348,00-0033338,2.0,,,8.0,4.0,8.0,-1.5710515389801003,,,,,,,C.Carter,MIA,310,163,18,17,0.0064516129032258064,,,
349,00-0032791,2.0,,,1.0,0.5,-8.0,-21.007610912456585,,,,,,,J.Grant,MIA,310,163,18,17,0.0064516129032258064,,,
350,00-0033471,4.0,,1.0,18.0,4.5,5.0,-2.075572395857307,,,,,,,I.Ford,MIA,310,163,18,17,0.012903225806451613,,0.05555555555555555,
351,00-0031806,5.0,,,-2.0,-0.4,8.0,-9.67883283921401,33.0,3.787878787878788,6.0,3.0,,0.09090909090909091,M.Brown,MIA,310,163,18,17,0.016129032258064516,0.20245398773006135,,0.35294117647058826
352,00-0033127,9.0,2.0,1.0,131.0,16.375,10.0,-11.33159496448934,,,,,,,W.Fuller,MIA,310,163,18,17,0.02903225806451613,,0.05555555555555555,
353,00-0033896,9.0,,,47.0,5.222222222222222,13.0,-15.603895845852094,,,,,,,A.Shaheen,MIA,310,163,18,17,0.02903225806451613,,,
354,00-0033555,11.0,1.0,1.0,154.0,14.0,10.0,-13.531172071190667,,,,,,,M.Hollins,MIA,310,163,18,17,0.035483870967741936,,0.05555555555555555,
355,00-0030669,12.0,,,78.0,6.5,21.0,-12.852896649346803,,,,,,,A.Wilson,MIA,310,163,18,17,0.03870967741935484,,,
356,00-0035350,12.0,1.0,1.0,112.0,9.333333333333334,31.0,6.481324968517583,1.0,7.0,,,,,P.Williams,MIA,310,163,18,17,0.03870967741935484,0.006134969325153374,0.05555555555555555,
357,00-0036020,17.0,1.0,,49.0,2.8823529411764706,97.0,25.199625248802477,35.0,2.7714285714285714,1.0,1.0,,0.02857142857142857,S.Ahmed,MIA,310,163,18,17,0.054838709677419356,0.2147239263803681,,0.058823529411764705
358,00-0034798,18.0,,2.0,145.0,8.055555555555555,30.0,-33.624220560064714,,,,,,,D.Smythe,MIA,310,163,18,17,0.05806451612903226,,0.1111111111111111,
359,00-0035311,40.0,,3.0,4.0,0.1,167.0,-56.68495506217005,66.0,4.2272727272727275,4.0,8.0,,0.12121212121212122,M.Gaskin,MIA,310,163,18,17,0.12903225806451613,0.4049079754601227,0.16666666666666666,0.23529411764705882
360,00-0031547,43.0,5.0,2.0,511.0,11.883720930232558,76.0,-35.15435335017537,,,,,,,D.Parker,MIA,310,163,18,17,0.13870967741935483,,0.1111111111111111,
361,00-0034829,56.0,1.0,3.0,539.0,9.8,116.0,-42.814240474806866,,,,,,,M.Gesicki,MIA,310,163,18,17,0.18064516129032257,,0.16666666666666666,
362,00-0036613,68.0,1.0,4.0,418.0,6.147058823529412,210.0,-46.85421988930466,1.0,2.0,,,,,J.Waddle,MIA,310,163,18,17,0.21935483870967742,0.006134969325153374,0.2222222222222222,
363,00-0036212,,,,,,,,12.0,5.333333333333333,3.0,,1.4684563796771202,,T.Tagovailoa,MIA,310,163,18,17,,0.0736196319018405,,0.17647058823529413
364,00-0033119,,,,,,,,15.0,3.8666666666666667,3.0,2.0,-2.6457998232963758,0.13333333333333333,J.Brissett,MIA,310,163,18,17,,0.09202453987730061,,0.17647058823529413
365,00-0034857,1.0,,1.0,0.0,,0.0,0.0,49.0,5.6875,13.0,9.0,4.9569645939871325,0.1836734693877551,J.Allen,BUF,263,192,22,28,0.0038022813688212928,0.2552083333333333,0.045454545454545456,0.4642857142857143
366,00-0031787,2.0,1.0,,41.0,20.5,0.0,0.0,,,,,,,J.Kumerow,BUF,263,192,22,28,0.0076045627376425855,,,
367,00-0036187,2.0,,,19.0,9.5,6.0,1.0335495902691036,3.0,1.0,,,,,R.Gilliam,BUF,263,192,22,28,0.0076045627376425855,0.015625,,
368,00-0033466,3.0,,,15.0,5.0,5.0,-8.711608425452141,3.0,3.3333333333333335,,,,,I.McKenzie,BUF,263,192,22,28,0.011406844106463879,0.015625,,
369,00-0035308,8.0,,1.0,38.0,4.75,11.0,-19.940714968266548,,,,,,,T.Sweeney,BUF,263,192,22,28,0.030418250950570342,,0.045454545454545456,
370,00-0036196,15.0,1.0,3.0,157.0,10.466666666666667,47.0,0.5820825878035971,,,,,,,G.Davis,BUF,263,192,22,28,0.057034220532319393,,0.13636363636363635,
371,00-0035250,19.0,,1.0,1.0,0.05263157894736842,58.0,-42.19336948001001,67.0,5.059701492537314,3.0,7.0,,0.1044776119402985,D.Singletary,BUF,263,192,22,28,0.07224334600760456,0.3489583333333333,0.045454545454545456,0.10714285714285714
372,00-0036251,21.0,,2.0,-3.0,-0.14285714285714285,161.0,39.8095463339414,62.0,3.661290322580645,11.0,2.0,,0.03225806451612903,Z.Moss,BUF,263,192,22,28,0.07984790874524715,0.3229166666666667,0.09090909090909091,0.39285714285714285
373,00-0035689,27.0,2.0,4.0,230.0,8.518518518518519,105.0,4.54579933090281,,,,,,,D.Knox,BUF,263,192,22,28,0.10266159695817491,,0.18181818181818182,
374,00-0027685,44.0,9.0,5.0,781.0,18.162790697674417,43.0,-41.9148255499822,1.0,7.0,,,,,E.Sanders,BUF,263,192,22,28,0.16730038022813687,0.005208333333333333,0.22727272727272727,
375,00-0029000,56.0,,1.0,318.0,5.678571428571429,189.0,-32.42923572722793,,,,,-33.29757750034332,,C.Beasley,BUF,263,192,22,28,0.21292775665399238,,0.045454545454545456,
376,00-0031588,65.0,7.0,4.0,739.0,11.36923076923077,130.0,-67.40345500111289,,,,,,,S.Diggs,BUF,263,192,22,28,0.24714828897338403,,0.18181818181818182,
377,00-0033869,,,,,,,,3.0,11.333333333333334,1.0,1.0,19.546285271644592,0.3333333333333333,M.Trubisky,BUF,263,192,22,28,,0.015625,,0.03571428571428571
378,00-0033308,,,,,,,,4.0,1.0,,,,,M.Breida,BUF,263,192,22,28,,0.020833333333333332,,
379,00-0034867,1.0,1.0,,35.0,35.0,0.0,0.0,,,,,,,M.Turner,DAL,256,213,15,20,0.00390625,,,
380,00-0034764,7.0,,,42.0,6.0,26.0,1.1957152549293841,,,,,,,M.Gallup,DAL,256,213,15,20,0.02734375,,,
381,00-0033591,9.0,,,109.0,12.11111111111111,32.0,4.149600555720099,,,,,,,N.Brown,DAL,256,213,15,20,0.03515625,,,
382,00-0033658,15.0,,2.0,113.0,7.533333333333333,38.0,-0.5112269798846683,,,,,,,B.Jarwin,DAL,256,213,15,20,0.05859375,,0.13333333333333333,
383,00-0035261,17.0,,1.0,-15.0,-0.9375,131.0,4.003791711555095,68.0,5.764705882352941,2.0,10.0,,0.14705882352941177,T.Pollard,DAL,256,213,15,20,0.06640625,0.3192488262910798,0.06666666666666667,0.1
384,00-0034418,22.0,2.0,1.0,221.0,10.045454545454545,114.0,22.800934685816173,2.0,5.5,,,49.58397150039673,,C.Wilson,DAL,256,213,15,20,0.0859375,0.009389671361502348,0.06666666666666667,
385,00-0033045,26.0,,3.0,-9.0,-0.34615384615384615,115.0,-15.633814691951558,118.0,4.838983050847458,10.0,16.0,,0.13559322033898305,E.Elliott,DAL,256,213,15,20,0.1015625,0.5539906103286385,0.2,0.5
386,00-0034383,45.0,,3.0,292.0,6.636363636363637,188.0,28.783471323018603,,,,,,,D.Schultz,DAL,256,213,15,20,0.17578125,,0.2,
387,00-0031544,56.0,4.0,2.0,667.0,11.910714285714286,110.0,-35.17525502936769,,,,,,,A.Cooper,DAL,256,213,15,20,0.21875,,0.13333333333333333,
388,00-0036358,58.0,4.0,3.0,597.0,10.473684210526315,232.0,35.42391139594838,4.0,4.5,1.0,1.0,,0.25,C.Lamb,DAL,256,213,15,20,0.2265625,0.018779342723004695,0.2,0.05
389,00-0033662,,,,,,,,1.0,2.0,,,-5.573404207825661,,C.Rush,DAL,256,213,15,20,,0.004694835680751174,,
390,00-0033725,,,,,,,,3.0,0.0,,,,,C.Clement,DAL,256,213,15,20,,0.014084507042253521,,
391,00-0033077,,,,,,,,17.0,3.4705882352941178,7.0,2.0,7.624094717875476,0.11764705882352941,D.Prescott,DAL,256,213,15,20,,0.07981220657276995,,0.35
392,00-0034903,1.0,,,10.0,10.0,0.0,0.0,,,,,,,T.Campbell,LAC,276,153,18,18,0.0036231884057971015,,,
393,00-0036650,2.0,,,-1.0,-0.5,0.0,-8.145844953687629,28.0,2.5357142857142856,2.0,1.0,,0.03571428571428571,L.Rountree,LAC,276,153,18,18,0.007246376811594203,0.1830065359477124,,0.1111111111111111
394,00-0035908,3.0,,,9.0,3.0,8.0,-6.830321968984208,1.0,2.0,,,,,G.Nabers,LAC,276,153,18,18,0.010869565217391304,0.006535947712418301,,
395,00-0036382,3.0,,,18.0,6.0,12.0,-2.504620822612196,,,,,,,K.Hill,LAC,276,153,18,18,0.010869565217391304,,,
396,00-0034440,7.0,,1.0,-3.0,-0.42857142857142855,37.0,-11.598827335823444,13.0,7.769230769230769,1.0,1.0,,0.07692307692307693,J.Jackson,LAC,276,153,18,18,0.025362318840579712,0.08496732026143791,0.05555555555555555,0.05555555555555555
397,00-0032725,8.0,,,28.0,3.5,32.0,-1.887550145809655,,,,,,,S.Anderson,LAC,276,153,18,18,0.028985507246376812,,,
398,00-0035329,10.0,,3.0,31.0,3.4444444444444446,51.0,18.319305603639805,,,,,,,D.Parham,LAC,276,153,18,18,0.036231884057971016,,0.16666666666666666,
399,00-0036988,11.0,,,102.0,9.272727272727273,13.0,-11.784666080158788,,,,,,,J.Palmer,LAC,276,153,18,18,0.03985507246376811,,,
400,00-0035414,20.0,2.0,1.0,235.0,11.75,58.0,7.33909644553205,4.0,8.0,,1.0,,0.25,J.Guyton,LAC,276,153,18,18,0.07246376811594203,0.026143790849673203,0.05555555555555555,
401,00-0027061,38.0,,3.0,308.0,8.105263157894736,120.0,11.350264882428746,,,,,,,J.Cook,LAC,276,153,18,18,0.13768115942028986,,0.16666666666666666,
402,00-0033699,42.0,,,63.0,1.5,284.0,52.61160327056132,86.0,5.0,13.0,10.0,,0.11627906976744186,A.Ekeler,LAC,276,153,18,18,0.15217391304347827,0.5620915032679739,,0.7222222222222222
403,00-0033536,62.0,5.0,5.0,725.0,11.885245901639344,181.0,32.07225980709336,,,,,,,M.Williams,LAC,276,153,18,18,0.2246376811594203,,0.2777777777777778,
404,00-0030279,69.0,5.0,5.0,570.0,8.26086956521739,165.0,-66.30117874951247,,,,,,,K.Allen,LAC,276,153,18,18,0.25,,0.2777777777777778,
405,00-0036370,,,,,,,,6.0,4.0,,1.0,,0.16666666666666666,J.Kelley,LAC,276,153,18,18,,0.0392156862745098,,
406,00-0036355,,,,,,,,15.0,5.933333333333334,2.0,4.0,-1.8199346768550384,0.26666666666666666,J.Herbert,LAC,276,153,18,18,,0.09803921568627451,,0.1111111111111111
407,00-0031543,,,,,,,,,,,,-59.7593367099762,,T.Long,LAC,276,153,18,18,,,,
408,00-0033950,1.0,,,4.0,4.0,0.0,0.0,8.0,4.125,,2.0,,0.25,W.Gallman,ATL,269,163,19,10,0.0037174721189591076,0.049079754601226995,,
409,00-0035572,1.0,,,0.0,0.0,0.0,0.0,,,,,,,P.Hesse,ATL,269,163,19,10,0.0037174721189591076,,,
410,00-0030968,5.0,,,12.0,2.4,15.0,-9.411510691927106,5.0,3.6,,,,,K.Smith,ATL,269,163,19,10,0.01858736059479554,0.03067484662576687,,
411,00-0034132,5.0,,,43.0,8.6,1.0,-9.779570654500276,,,,,,,C.Blake,ATL,269,163,19,10,0.01858736059479554,,,
412,00-0028097,9.0,,1.0,35.0,3.888888888888889,21.0,-12.6682321407352,,,,,,,L.Smith,ATL,269,163,19,10,0.03345724907063197,,0.05263157894736842,
413,00-0034411,15.0,1.0,2.0,98.0,6.533333333333333,30.0,-18.895996855615522,,,,,,,R.Gage,ATL,269,163,19,10,0.055762081784386616,,0.10526315789473684,
414,00-0032778,18.0,1.0,,173.0,9.61111111111111,42.0,-17.97005041158991,,,,,,,T.Sharpe,ATL,269,163,19,10,0.06691449814126393,,,
415,00-0035208,20.0,,3.0,177.0,9.31578947368421,26.0,-6.112871894380078,,,,,,,O.Zaccheaus,ATL,269,163,19,10,0.07434944237918216,,0.15789473684210525,
416,00-0034830,22.0,1.0,,144.0,6.545454545454546,64.0,-26.609753086937417,,,,,,,H.Hurst,ATL,269,163,19,10,0.08178438661710037,,,
417,00-0032063,30.0,,3.0,-58.0,-1.9333333333333333,155.0,-33.93997003776167,75.0,3.44,6.0,7.0,,0.09333333333333334,M.Davis,ATL,269,163,19,10,0.11152416356877323,0.4601226993865031,0.15789473684210525,0.6
418,00-0030578,41.0,1.0,1.0,99.0,2.4146341463414633,223.0,39.300930802113726,64.0,4.1875,3.0,11.0,,0.171875,C.Patterson,ATL,269,163,19,10,0.1524163568773234,0.39263803680981596,0.05263157894736842,0.3
419,00-0036970,50.0,3.0,4.0,562.0,11.24,105.0,-48.762212426583574,,,,,,,K.Pitts,ATL,269,163,19,10,0.18587360594795538,,0.21052631578947367,
420,00-0034837,52.0,3.0,5.0,521.0,10.01923076923077,91.0,-33.99968190344953,,,,,,,C.Ridley,ATL,269,163,19,10,0.19330855018587362,,0.2631578947368421,
421,00-0036825,,,,,,,,1.0,3.0,,,,,F.Franks,ATL,269,163,19,10,,0.006134969325153374,,
422,00-0026143,,,,,,,,10.0,3.5555555555555554,1.0,1.0,1.4857254219505025,0.1,M.Ryan,ATL,269,163,19,10,,0.06134969325153374,,0.1
423,00-0034343,,,,,,,,,,,,-62.49211132526398,,J.Rosen,ATL,269,163,19,10,,,,
424,00-0035341,1.0,,,23.0,23.0,2.0,-4.069361640082207,,,,,,,T.Irwin,CIN,242,195,17,9,0.004132231404958678,,,
425,00-0034686,4.0,,1.0,45.0,11.25,21.0,8.866887855627283,,,,,,,A.Tate,CIN,242,195,17,9,0.01652892561983471,,0.058823529411764705,
426,00-0033114,5.0,,,39.0,7.8,10.0,-6.328069472634525,,,,,,,M.Thomas,CIN,242,195,17,9,0.02066115702479339,,,
427,00-0035631,5.0,,,29.0,5.8,9.0,-5.608525083131097,,,,,,,D.Sample,CIN,242,195,17,9,0.02066115702479339,,,
428,00-0036857,8.0,,,40.0,5.0,64.0,21.87446360364993,4.0,4.5,,,,,C.Evans,CIN,242,195,17,9,0.03305785123966942,0.020512820512820513,,
429,00-0033526,12.0,,1.0,14.0,1.1666666666666667,82.0,26.847555084939813,31.0,4.483870967741935,,4.0,,0.12903225806451613,S.Perine,CIN,242,195,17,9,0.049586776859504134,0.15897435897435896,0.058823529411764705,
430,00-0033897,21.0,,3.0,-15.0,-0.7142857142857143,158.0,41.33811083882756,137.0,4.175182481751825,8.0,13.0,,0.0948905109489051,J.Mixon,CIN,242,195,17,9,0.08677685950413223,0.7025641025641025,0.17647058823529413,0.8888888888888888
431,00-0032134,23.0,1.0,1.0,127.0,5.521739130434782,172.0,58.47246163418458,,,,,,,C.Uzomah,CIN,242,195,17,9,0.09504132231404959,,0.058823529411764705,
432,00-0036410,50.0,2.0,4.0,522.0,10.653061224489797,97.0,-17.240109890721214,,,,,,,T.Higgins,CIN,242,195,17,9,0.2066115702479339,,0.23529411764705882,
433,00-0033009,53.0,1.0,2.0,360.0,6.7924528301886795,206.0,27.10660120790999,,,,,12.373977899551392,,T.Boyd,CIN,242,195,17,9,0.2190082644628099,,0.11764705882352941,
434,00-0036900,60.0,12.0,5.0,789.0,13.15,289.0,103.11539319344593,2.0,3.5,,,,,J.Chase,CIN,242,195,17,9,0.24793388429752067,0.010256410256410256,0.29411764705882354,
435,00-0035291,,,,,,,,6.0,2.1666666666666665,,,,,T.Williams,CIN,242,195,17,9,,0.03076923076923077,,
436,00-0036442,,,,,,,,15.0,3.2,1.0,,4.62976411047341,,J.Burrow,CIN,242,195,17,9,,0.07692307692307693,,0.1111111111111111
437,00-0032434,,,,,,,,,,,,31.53207302093506,,B.Allen,CIN,242,195,17,9,,,,
438,00-0033720,1.0,,,5.0,5.0,0.0,0.0,,,,,,,C.Thompson,CAR,277,226,16,22,0.0036101083032490976,,,
439,00-0032543,2.0,,,18.0,9.0,24.0,16.82614317559637,,,,,,,A.Erickson,CAR,277,226,16,22,0.007220216606498195,,,
440,00-0036572,5.0,,,16.0,3.2,29.0,0.25456307635613484,1.0,-3.0,,,,,S.Smith,CAR,277,226,16,22,0.018050541516245487,0.004424778761061947,,
441,00-0035957,5.0,,,16.0,3.2,32.0,7.724044900518493,,,,,,,R.Smith,CAR,277,226,16,22,0.018050541516245487,,,
442,00-0034317,6.0,,1.0,50.0,8.333333333333334,16.0,-5.167257007371518,,,,,,,K.Kirkwood,CAR,277,226,16,22,0.021660649819494584,,0.0625,
443,00-0034838,6.0,,,-8.0,-1.3333333333333333,11.0,-8.033346182070092,21.0,3.6666666666666665,1.0,1.0,,0.047619047619047616,R.Freeman,CAR,277,226,16,22,0.021660649819494584,0.09292035398230089,,0.045454545454545456
444,00-0034052,8.0,,,71.0,8.875,68.0,38.55406475458585,,,,,,,B.Zylstra,CAR,277,226,16,22,0.02888086642599278,,,
445,00-0037005,15.0,1.0,3.0,151.0,10.785714285714286,16.0,-15.333630343688128,2.0,3.5,2.0,,,,T.Tremble,CAR,277,226,16,22,0.05415162454873646,0.008849557522123894,0.1875,0.09090909090909091
446,00-0033280,17.0,,,12.0,0.7058823529411765,151.0,43.67900320197805,52.0,3.8653846153846154,7.0,5.0,,0.09615384615384616,C.McCaffrey,CAR,277,226,16,22,0.061371841155234655,0.23008849557522124,,0.3181818181818182
447,00-0034365,17.0,1.0,,125.0,7.352941176470588,58.0,-16.446433631928812,,,,,,,I.Thomas,CAR,277,226,16,22,0.061371841155234655,,,
448,00-0036955,22.0,,2.0,145.0,6.590909090909091,58.0,-14.955920998458168,,,,,,,T.Marshall,CAR,277,226,16,22,0.07942238267148015,,0.125,
449,00-0036555,26.0,,1.0,24.0,0.9230769230769231,95.0,-18.78288746288308,108.0,3.6203703703703702,7.0,7.0,,0.06481481481481481,C.Hubbard,CAR,277,226,16,22,0.09386281588447654,0.4778761061946903,0.0625,0.3181818181818182
450,00-0034011,36.0,,,221.0,6.138888888888889,133.0,16.259549917238473,,,,,,,D.Arnold,CAR,277,226,16,22,0.1299638989169675,,,
451,00-0032688,50.0,6.0,3.0,619.0,12.38,62.0,-29.033008395941582,1.0,3.0,,,,,R.Anderson,CAR,277,226,16,22,0.18050541516245489,0.004424778761061947,0.1875,
452,00-0034827,81.0,5.0,6.0,889.0,11.1125,247.0,13.599028451928458,5.0,4.2,,1.0,,0.2,Dj.Moore,CAR,277,226,16,22,0.2924187725631769,0.022123893805309734,0.375,
453,00-0033275,,,,,,,,1.0,13.0,,1.0,-40.571266412734985,1.0,P.Walker,CAR,277,226,16,22,,0.004424778761061947,,
454,00-0034869,,,,,,,,27.0,6.888888888888889,5.0,7.0,-3.8011548897394762,0.25925925925925924,S.Darnold,CAR,277,226,16,22,,0.11946902654867257,,0.22727272727272727
455,00-0036620,1.0,,,6.0,6.0,0.0,-3.3509406983139343,2.0,11.0,,1.0,,0.5,D.Eskridge,SEA,206,192,6,13,0.0048543689320388345,0.010416666666666666,,
456,00-0036244,2.0,,,-2.0,-1.0,3.0,-5.296262471623777,,,,,,,C.Parkinson,SEA,206,192,6,13,0.009708737864077669,,,
457,00-0033594,6.0,,,-13.0,-2.1666666666666665,42.0,-9.685493716024213,54.0,4.296296296296297,3.0,2.0,,0.037037037037037035,C.Carson,SEA,206,192,6,13,0.02912621359223301,0.28125,,0.23076923076923078
458,00-0035022,6.0,1.0,,58.0,9.666666666666666,29.0,0.9799343853301234,,,,,,,P.Hart,SEA,206,192,6,13,0.02912621359223301,,,
459,00-0032426,7.0,,,3.0,0.42857142857142855,73.0,24.556511613147453,74.0,4.108108108108108,6.0,7.0,,0.0945945945945946,A.Collins,SEA,206,192,6,13,0.03398058252427184,0.3854166666666667,,0.46153846153846156
460,00-0036425,8.0,,,25.0,3.125,45.0,-11.00766121350171,10.0,3.5,,1.0,,0.1,D.Dallas,SEA,206,192,6,13,0.038834951456310676,0.052083333333333336,,
461,00-0035594,8.0,,,7.0,0.875,98.0,42.8546621107962,9.0,6.666666666666667,1.0,2.0,,0.2222222222222222,T.Homer,SEA,206,192,6,13,0.038834951456310676,0.046875,,0.07692307692307693
462,00-0034159,12.0,,1.0,55.0,4.583333333333333,76.0,25.037992512872734,,,,,,,W.Dissly,SEA,206,192,6,13,0.05825242718446602,,0.16666666666666666,
463,00-0033895,17.0,,2.0,54.0,3.176470588235294,93.0,6.388801691573459,2.0,3.5,,1.0,,0.5,G.Everett,SEA,206,192,6,13,0.0825242718446602,0.010416666666666666,0.3333333333333333,
464,00-0036247,24.0,2.0,,166.0,6.916666666666667,110.0,2.096813175972784,4.0,7.25,,1.0,,0.25,F.Swain,SEA,206,192,6,13,0.11650485436893204,0.020833333333333332,,
465,00-0035640,56.0,3.0,2.0,632.0,11.285714285714286,215.0,49.57954547738336,,,,,,,D.Metcalf,SEA,206,192,6,13,0.27184466019417475,,0.3333333333333333,
466,00-0032211,58.0,5.0,,694.0,11.96551724137931,146.0,-51.255168784293346,,,,,,,T.Lockett,SEA,206,192,6,13,0.2815533980582524,,,
467,00-0030565,,,,,,,,7.0,6.285714285714286,1.0,2.0,6.5446762198751625,0.2857142857142857,G.Smith,SEA,206,192,6,13,,0.036458333333333336,,0.07692307692307693
468,00-0034750,,,,,,,,15.0,1.6,2.0,,,,R.Penny,SEA,206,192,6,13,,0.078125,,0.15384615384615385
469,00-0029263,,,,,,,,15.0,4.666666666666667,,4.0,10.173247060028173,0.26666666666666666,R.Wilson,SEA,206,192,6,13,,0.078125,,
470,00-0029119,2.0,,,7.0,3.5,6.0,-3.8363542141742073,,,,,,,D.Carrier,LV,255,169,14,17,0.00784313725490196,,,
471,00-0032741,5.0,,,18.0,3.6,38.0,10.555321355881462,37.0,3.864864864864865,3.0,5.0,,0.13513513513513514,P.Barber,LV,255,169,14,17,0.0196078431372549,0.21893491124260356,,0.17647058823529413
472,00-0030663,5.0,,2.0,36.0,7.2,7.0,-2.742154810082866,,,,,,,W.Snead,LV,255,169,14,17,0.0196078431372549,,0.14285714285714285,
473,00-0033025,6.0,,1.0,7.0,1.1666666666666667,21.0,-10.802015313573065,5.0,1.6,1.0,,,,J.Richard,LV,255,169,14,17,0.023529411764705882,0.029585798816568046,0.07142857142857142,0.058823529411764705
474,00-0033891,7.0,1.0,,113.0,16.142857142857142,30.0,-3.6757445347830062,,,,,,,Z.Jones,LV,255,169,14,17,0.027450980392156862,,,
475,00-0035125,8.0,,1.0,49.0,6.125,20.0,-5.283031166582077,2.0,0.5,1.0,,,,A.Ingold,LV,255,169,14,17,0.03137254901960784,0.011834319526627219,0.07142857142857142,0.058823529411764705
476,00-0034981,12.0,,1.0,92.0,7.666666666666667,32.0,-10.158018815483956,,,,,,,F.Moreau,LV,255,169,14,17,0.047058823529411764,,0.07142857142857142,
477,00-0035700,16.0,,,-10.0,-0.625,125.0,24.730749123460555,60.0,3.4,8.0,4.0,,0.06666666666666667,J.Jacobs,LV,255,169,14,17,0.06274509803921569,0.35502958579881655,,0.47058823529411764
478,00-0033118,23.0,,,88.0,3.8260869565217392,146.0,28.331611918823906,42.0,3.8095238095238093,2.0,3.0,,0.07142857142857142,K.Drake,LV,255,169,14,17,0.09019607843137255,0.2485207100591716,,0.11764705882352941
479,00-0036365,31.0,3.0,2.0,461.0,14.870967741935484,114.0,35.44764848912018,,,,,,,B.Edwards,LV,255,169,14,17,0.12156862745098039,,0.14285714285714285,
480,00-0036357,36.0,8.0,,608.0,16.88888888888889,109.0,-17.93324046095222,3.0,5.333333333333333,,,,,H.Ruggs,LV,255,169,14,17,0.1411764705882353,0.01775147928994083,,
481,00-0034983,51.0,,4.0,336.0,6.588235294117647,186.0,2.4453312481855374,,,,,,,H.Renfrow,LV,255,169,14,17,0.2,,0.2857142857142857,
482,00-0031610,53.0,2.0,3.0,543.0,10.245283018867925,122.0,-31.788273101970844,,,,,,,D.Waller,LV,255,169,14,17,0.20784313725490197,,0.21428571428571427,
483,00-0033958,,,,,,,,2.0,1.0,,,,,N.Peterman,LV,255,169,14,17,,0.011834319526627219,,
484,00-0032268,,,,,,,,2.0,17.5,,1.0,,0.5,M.Mariota,LV,255,169,14,17,,0.011834319526627219,,
485,00-0031280,,,,,,,,16.0,2.0625,2.0,,2.543504892611036,,D.Carr,LV,255,169,14,17,,0.09467455621301775,,0.11764705882352941
486,00-0032956,2.0,,1.0,4.0,4.0,0.0,0.0,2.0,0.0,1.0,,,,A.Janovich,CLE,233,245,12,27,0.008583690987124463,0.00816326530612245,0.08333333333333333,0.037037037037037035
487,00-0034311,2.0,,1.0,3.0,1.5,4.0,-1.503115503641311,2.0,2.5,,,,,J.Stanton,CLE,233,245,12,27,0.008583690987124463,0.00816326530612245,0.08333333333333333,
488,00-0035628,6.0,,,7.0,1.1666666666666667,32.0,5.407073451468021,29.0,6.172413793103448,4.0,6.0,,0.20689655172413793,D.Johnson,CLE,233,245,12,27,0.02575107296137339,0.11836734693877551,,0.14814814814814814
489,00-0034791,6.0,,,-3.0,-0.5,46.0,0.7835765992567758,106.0,5.509433962264151,11.0,17.0,,0.16037735849056603,N.Chubb,CLE,233,245,12,27,0.02575107296137339,0.4326530612244898,,0.4074074074074074
490,00-0036654,13.0,,,-6.0,-0.46153846153846156,153.0,47.427595801549614,3.0,5.333333333333333,,1.0,,0.3333333333333333,D.Felton,CLE,233,245,12,27,0.055793991416309016,0.012244897959183673,,
491,00-0036232,14.0,1.0,,157.0,11.214285714285714,42.0,1.3343353995442158,,,,,,,H.Bryant,CLE,233,245,12,27,0.060085836909871244,,,
492,00-0036233,15.0,2.0,,239.0,15.933333333333334,44.0,-5.883268869445601,,,,,,,D.Peoples-Jones,CLE,233,245,12,27,0.06437768240343347,,,
493,00-0036999,15.0,5.0,,316.0,21.066666666666666,8.0,-26.62144677148172,3.0,4.0,,1.0,,0.3333333333333333,A.Schwartz,CLE,233,245,12,27,0.06437768240343347,0.012244897959183673,,
494,00-0031382,24.0,1.0,1.0,196.0,8.166666666666666,103.0,21.522908484301297,3.0,6.0,1.0,,,,J.Landry,CLE,233,245,12,27,0.10300429184549356,0.012244897959183673,0.08333333333333333,0.037037037037037035
495,00-0033885,24.0,1.0,,203.0,8.458333333333334,198.0,69.41412423803558,,,,,,,D.Njoku,CLE,233,245,12,27,0.10300429184549356,,,
496,00-0033923,24.0,,1.0,-1.0,-0.041666666666666664,169.0,17.402976792480327,70.0,5.231884057971015,8.0,12.0,,0.17142857142857143,K.Hunt,CLE,233,245,12,27,0.10300429184549356,0.2857142857142857,0.08333333333333333,0.2962962962962963
497,00-0032977,25.0,1.0,2.0,284.0,11.36,28.0,-30.669037027852028,,,,,,,R.Higgins,CLE,233,245,12,27,0.1072961373390558,,0.16666666666666666,
498,00-0032392,29.0,,4.0,113.0,4.035714285714286,101.0,18.43046516487084,,,,,,,A.Hooper,CLE,233,245,12,27,0.12446351931330472,,0.3333333333333333,
499,00-0031235,34.0,4.0,2.0,474.0,13.941176470588236,48.0,-41.76444314586115,2.0,7.0,,1.0,,0.5,O.Beckham,CLE,233,245,12,27,0.1459227467811159,0.00816326530612245,0.16666666666666666,
500,00-0035042,,,,,,,,1.0,0.0,,,,,J.Gillan,CLE,233,245,12,27,,0.004081632653061225,,
501,00-0034808,,,,,,,,2.0,6.5,,1.0,,0.5,J.Kelly,CLE,233,245,12,27,,0.00816326530612245,,
502,00-0028986,,,,,,,,4.0,2.5,1.0,,-4.551477432250977,,C.Keenum,CLE,233,245,12,27,,0.0163265306122449,,0.037037037037037035
503,00-0034855,,,,,,,,18.0,4.611111111111111,1.0,2.0,2.3281162186544773,0.1111111111111111,B.Mayfield,CLE,233,245,12,27,,0.07346938775510205,,0.037037037037037035
504,00-0036984,3.0,,,1.0,0.3333333333333333,4.0,-10.46914232910058,31.0,4.354838709677419,1.0,2.0,,0.06451612903225806,T.Sermon,SF,214,187,12,15,0.014018691588785047,0.1657754010695187,,0.06666666666666667
505,00-0029269,3.0,,,60.0,20.0,0.0,0.0,,,,,,,T.Benjamin,SF,214,187,12,15,0.014018691588785047,,,
506,00-0036567,4.0,,,-11.0,-2.75,41.0,5.405073207264648,81.0,5.345679012345679,3.0,15.0,,0.18518518518518517,E.Mitchell,SF,214,187,12,15,0.018691588785046728,0.43315508021390375,,0.2
507,00-0034073,5.0,,,59.0,11.8,5.0,-8.536271650140407,,,,,,,R.Dwelley,SF,214,187,12,15,0.02336448598130841,,,
508,00-0036429,5.0,,,45.0,9.0,5.0,-13.944691880889877,,,,,,,C.Woerner,SF,214,187,12,15,0.02336448598130841,,,
509,00-0036259,6.0,,,37.0,6.166666666666667,14.0,-2.2257390207378194,,,,,,,J.Jennings,SF,214,187,12,15,0.028037383177570093,,,
510,00-0034487,10.0,,1.0,116.0,11.6,7.0,-4.321202255872777,,,,,,,T.Sherfield,SF,214,187,12,15,0.04672897196261682,,0.08333333333333333,
511,00-0035806,14.0,,1.0,40.0,2.857142857142857,70.0,4.44322146315244,12.0,3.8333333333333335,2.0,1.0,,0.08333333333333333,J.Hasty,SF,214,187,12,15,0.06542056074766354,0.06417112299465241,0.08333333333333333,0.13333333333333333
512,00-0029892,18.0,1.0,,117.0,6.5,85.0,13.078314107879123,7.0,2.2857142857142856,2.0,,,,K.Juszczyk,SF,214,187,12,15,0.08411214953271028,0.0374331550802139,,0.13333333333333333
513,00-0029632,21.0,,,192.0,9.142857142857142,44.0,-9.097333396901377,,,,,,,M.Sanu,SF,214,187,12,15,0.09813084112149532,,,
514,00-0036261,25.0,1.0,6.0,213.0,9.26086956521739,46.0,-4.075707211392,2.0,5.5,,,,,B.Aiyuk,SF,214,187,12,15,0.11682242990654206,0.0106951871657754,0.5,
515,00-0033288,28.0,2.0,,196.0,7.0,161.0,36.634368469778565,1.0,9.0,,,,,G.Kittle,SF,214,187,12,15,0.1308411214953271,0.0053475935828877,,
516,00-0035719,72.0,1.0,4.0,577.0,8.01388888888889,416.0,165.5273446870924,6.0,3.6666666666666665,1.0,1.0,,0.16666666666666666,D.Samuel,SF,214,187,12,15,0.3364485981308411,0.03208556149732621,0.3333333333333333,0.06666666666666667
517,00-0035760,,,,,,,,2.0,6.0,,,,,J.Patrick,SF,214,187,12,15,,0.0106951871657754,,
518,00-0031687,,,,,,,,2.0,10.0,,1.0,,0.5,R.Mostert,SF,214,187,12,15,,0.0106951871657754,,
519,00-0031345,,,,,,,,14.0,2.4285714285714284,3.0,,-1.6243417758539498,,J.Garoppolo,SF,214,187,12,15,,0.0748663101604278,,0.2
520,00-0037012,,,,,,,,28.0,4.925925925925926,3.0,4.0,-10.485726206198983,0.14285714285714285,T.Lance,SF,214,187,12,15,,0.1497326203208556,,0.2
